frame_idx,time_sec,bilateral_leg_straddle_deg,left_knee_valid,right_knee_valid,left_knee_vis_min,right_knee_vis_min,subject_bbox_h_px,is_clipped
0,0.0,37.31496,True,True,0.9943291544914246,0.9922635555267334,269.3581428527832,False
1,0.03335643212508884,37.250458,True,True,0.9945576786994934,0.9925298094749451,270.40754318237305,False
2,0.06671286425017768,36.981003,True,True,0.9947541356086731,0.9928364753723145,271.1465401649475,False
3,0.10006929637526653,36.574173,True,True,0.9948425889015198,0.993145763874054,271.9459390640259,False
4,0.13342572850035536,36.479675,True,True,0.9947476387023926,0.993421196937561,272.0802254676819,False
5,0.1667821606254442,36.398544,True,True,0.994667649269104,0.9936448931694031,272.45299434661865,False
6,0.20013859275053306,36.620102,True,True,0.9946456551551819,0.9938905239105225,272.32086515426636,False
7,0.2334950248756219,36.64048,True,True,0.9943550825119019,0.9940258860588074,272.1592540740967,False
8,0.2668514570007107,36.693665,True,True,0.9942337870597839,0.9942166805267334,271.6472897529602,False
9,0.3002078891257996,36.95201,True,True,0.9942720532417297,0.9944804310798645,270.7962007522583,False
10,0.3335643212508884,37.011803,True,True,0.9943974614143372,0.9947588443756104,270.75034618377686,False
11,0.36692075337597724,36.912476,True,True,0.9945290684700012,0.9950146079063416,271.2860951423645,False
12,0.4002771855010661,37.09173,True,True,0.9946041703224182,0.9952550530433655,271.496533870697,False
13,0.43363361762615493,37.615715,True,True,0.9946515560150146,0.9955320954322815,272.24034309387207,False
14,0.4669900497512438,38.253242,True,True,0.9946905374526978,0.9957941174507141,273.10766649246216,False
15,0.5003464818763326,39.801476,True,True,0.9947275519371033,0.9960137009620667,274.1223855018616,False
16,0.5337029140014214,41.115654,True,True,0.9947870373725891,0.9961987733840942,274.31085109710693,False
17,0.5670593461265103,42.733856,True,True,0.994906485080719,0.9964043498039246,274.3586139678955,False
18,0.6004157782515992,44.547577,True,True,0.9950538277626038,0.9965999126434326,274.25338077545166,False
19,0.633772210376688,45.592735,True,True,0.9951557517051697,0.9967666268348694,274.2688684463501,False
20,0.6671286425017768,46.17843,True,True,0.9952700138092041,0.9969307780265808,274.3853440284729,False
21,0.7004850746268657,46.678665,True,True,0.9954083561897278,0.9970993399620056,274.34449529647827,False
22,0.7338415067519545,47.287743,True,True,0.9955944418907166,0.9972623586654663,274.37007761001587,False
23,0.7671979388770434,47.77382,True,True,0.995694100856781,0.9973618388175964,274.675724029541,False
24,0.8005543710021322,48.34838,True,True,0.995840311050415,0.9974554181098938,274.5118727684021,False
25,0.833910803127221,48.924126,True,True,0.9959620833396912,0.9975309371948242,274.10982942581177,False
26,0.8672672352523099,48.962433,True,True,0.9960665702819824,0.9975618124008179,273.80769538879395,False
27,0.9006236673773987,48.75412,True,True,0.9961490035057068,0.9975853562355042,273.4655976295471,False
28,0.9339800995024876,48.469963,True,True,0.9962190389633179,0.9975884556770325,273.2300052642822,False
29,0.9673365316275764,48.471153,True,True,0.9962978959083557,0.9975942373275757,272.90712881088257,False
30,1.0006929637526651,48.430313,True,True,0.9962343573570251,0.9974743127822876,272.26743268966675,False
31,1.0340493958777541,49.026993,True,True,0.9962002635002136,0.9973766207695007,271.69520473480225,False
32,1.067405828002843,49.782364,True,True,0.9962581396102905,0.9973479509353638,271.6213893890381,False
33,1.1007622601279319,50.970085,True,True,0.9963974952697754,0.9973326921463013,271.0613579750061,False
34,1.1341186922530206,51.929245,True,True,0.9965694546699524,0.9973341822624207,270.51886081695557,False
35,1.1674751243781094,52.862503,True,True,0.9967421889305115,0.9973042607307434,270.12752056121826,False
36,1.2008315565031984,53.56264,True,True,0.9968948364257812,0.9972026944160461,269.7187428474426,False
37,1.2341879886282872,54.038815,True,True,0.9970191121101379,0.9970371127128601,269.3966131210327,False
38,1.267544420753376,54.331387,True,True,0.9971136450767517,0.9968629479408264,268.8484878540039,False
39,1.300900852878465,54.689724,True,True,0.9971771240234375,0.996680498123169,268.75069427490234,False
40,1.3342572850035537,55.13301,True,True,0.9971921443939209,0.9964538216590881,268.4799642562866,False
41,1.3676137171286424,55.38315,True,True,0.9972083568572998,0.9963682889938354,267.98398542404175,False
42,1.4009701492537314,55.45456,True,True,0.997204065322876,0.9963793754577637,267.92415046691895,False
43,1.4343265813788202,55.642,True,True,0.9971505403518677,0.9963018298149109,267.8877682685852,False
44,1.467683013503909,55.670555,True,True,0.9971664547920227,0.9963354468345642,268.48060035705566,False
45,1.501039445628998,55.485775,True,True,0.9971586465835571,0.9963671565055847,268.97635793685913,False
46,1.5343958777540867,55.341312,True,True,0.9971582293510437,0.9963422417640686,269.1874327659607,False
47,1.5677523098791755,55.262283,True,True,0.9971718788146973,0.9963642954826355,269.1652660369873,False
48,1.6011087420042645,55.244873,True,True,0.997214138507843,0.9964230060577393,269.1884422302246,False
49,1.6344651741293532,55.29644,True,True,0.9972739815711975,0.9964766502380371,268.91511249542236,False
50,1.667821606254442,55.33067,True,True,0.9973709583282471,0.9965962767601013,268.40899753570557,False
51,1.701178038379531,55.364166,True,True,0.9974339604377747,0.9967621564865112,268.3253364562988,False
52,1.7345344705046197,55.393204,True,True,0.9972839951515198,0.9967870116233826,268.2711157798767,False
53,1.7678909026297085,55.31611,True,True,0.9971098899841309,0.9968149662017822,268.27746295928955,False
54,1.8012473347547975,55.29049,True,True,0.996971845626831,0.996833324432373,268.3069863319397,False
55,1.8346037668798862,55.28997,True,True,0.9969171285629272,0.9969170093536377,268.3830142021179,False
56,1.8679601990049752,55.33073,True,True,0.9969083070755005,0.9970067143440247,268.4341788291931,False
57,1.901316631130064,55.36157,True,True,0.9968779683113098,0.9970610737800598,268.4383273124695,False
58,1.9346730632551528,55.407787,True,True,0.9968560338020325,0.9971147775650024,268.49875688552856,False
59,1.9680294953802417,55.47147,True,True,0.9968487620353699,0.9971845746040344,268.5583291053772,False
60,2.0013859275053303,55.641785,True,True,0.9968514442443848,0.9972724914550781,268.60954904556274,False
61,2.0347423596304193,55.760597,True,True,0.9968190789222717,0.9973487854003906,268.7318048477173,False
62,2.0680987917555083,55.83728,True,True,0.9967565536499023,0.9973964691162109,268.74156761169434,False
63,2.101455223880597,55.87463,True,True,0.9967039823532104,0.9974307417869568,268.7396731376648,False
64,2.134811656005686,55.89179,True,True,0.9966523051261902,0.9974534511566162,268.7474584579468,False
65,2.1681680881307748,55.915512,True,True,0.9966173768043518,0.997468113899231,268.76222705841064,False
66,2.2015245202558638,55.943848,True,True,0.9966205954551697,0.9974924325942993,268.7780604362488,False
67,2.2348809523809523,55.978756,True,True,0.9965985417366028,0.9974985122680664,268.79374170303345,False
68,2.2682373845060413,56.00846,True,True,0.9965879917144775,0.9975100755691528,268.858416557312,False
69,2.3015938166311303,56.031097,True,True,0.9965687990188599,0.9975115656852722,268.90003967285156,False
70,2.334950248756219,56.04583,True,True,0.9965365529060364,0.9974955320358276,268.9079079627991,False
71,2.368306680881308,56.049374,True,True,0.9965074062347412,0.9974794387817383,268.92025661468506,False
72,2.401663113006397,56.059093,True,True,0.9964905977249146,0.9974658489227295,268.942036151886,False
73,2.4350195451314853,56.060555,True,True,0.9964741468429565,0.9974440336227417,268.94308710098267,False
74,2.4683759772565743,56.056274,True,True,0.9964548945426941,0.997427761554718,268.94582509994507,False
75,2.5017324093816633,56.03565,True,True,0.9964369535446167,0.997406005859375,268.9611883163452,False
76,2.535088841506752,56.02269,True,True,0.996438205242157,0.9973977208137512,268.9892873764038,False
77,2.568445273631841,56.0151,True,True,0.9964219331741333,0.9973875284194946,269.00135946273804,False
78,2.60180170575693,56.013775,True,True,0.9964272975921631,0.9973908066749573,269.03026056289673,False
79,2.6351581378820184,56.012096,True,True,0.99647057056427,0.9974150657653809,269.06006050109863,False
80,2.6685145700071073,56.000988,True,True,0.9965044260025024,0.9974368810653687,269.08038806915283,False
81,2.7018710021321963,55.994186,True,True,0.9965259432792664,0.9974509477615356,269.0988349914551,False
82,2.735227434257285,55.988686,True,True,0.9965368509292603,0.9974554777145386,269.1218729019165,False
83,2.768583866382374,55.98316,True,True,0.9965404272079468,0.9974665641784668,269.12606287002563,False
84,2.801940298507463,55.97925,True,True,0.9965412616729736,0.9974714517593384,269.1288423538208,False
85,2.8352967306325514,55.975037,True,True,0.9965406656265259,0.9974778890609741,269.13061237335205,False
86,2.8686531627576404,55.981674,True,True,0.9965392351150513,0.9974937438964844,269.1237258911133,False
87,2.9020095948827294,55.986702,True,True,0.9965160489082336,0.9974880814552307,269.12216329574585,False
88,2.935366027007818,55.991364,True,True,0.9965072870254517,0.9975005984306335,269.11793184280396,False
89,2.968722459132907,55.990063,True,True,0.9965128302574158,0.9975290894508362,269.11212396621704,False
90,3.002078891257996,55.992546,True,True,0.996523916721344,0.9975654482841492,269.08753728866577,False
91,3.0354353233830844,55.993748,True,True,0.9965400695800781,0.9976004958152771,269.06358671188354,False
92,3.0687917555081734,55.995712,True,True,0.9965466856956482,0.9976140856742859,269.0787148475647,False
93,3.1021481876332624,56.0006,True,True,0.9965506196022034,0.9976280927658081,269.0723123550415,False
94,3.135504619758351,55.99536,True,True,0.9965463876724243,0.9976310133934021,269.0842185020447,False
95,3.16886105188344,55.998737,True,True,0.9965510368347168,0.9976427555084229,269.08414936065674,False
96,3.202217484008529,56.009113,True,True,0.996556282043457,0.9976536631584167,269.0716485977173,False
97,3.2355739161336174,56.017883,True,True,0.996550440788269,0.997657835483551,269.0352249145508,False
98,3.2689303482587064,56.022495,True,True,0.9965439438819885,0.9976584911346436,269.00194025039673,False
99,3.3022867803837954,56.032207,True,True,0.996536374092102,0.9976631999015808,268.9515223503113,False
100,3.335643212508884,56.04224,True,True,0.996536910533905,0.99767005443573,268.9266037940979,False
101,3.368999644633973,56.05244,True,True,0.9965381622314453,0.9976809620857239,268.8934020996094,False
102,3.402356076759062,56.054497,True,True,0.9965227246284485,0.9976857900619507,268.89055347442627,False
103,3.4357125088841505,56.06137,True,True,0.996509850025177,0.9976898431777954,268.8482804298401,False
104,3.4690689410092395,56.062286,True,True,0.996484637260437,0.9976949095726013,268.87102794647217,False
105,3.5024253731343284,56.064693,True,True,0.9964695572853088,0.9977076053619385,268.84216833114624,False
106,3.535781805259417,56.06997,True,True,0.9964660406112671,0.9977221488952637,268.8239703178406,False
107,3.569138237384506,56.070347,True,True,0.9964512586593628,0.9977303147315979,268.83875274658203,False
108,3.602494669509595,56.06356,True,True,0.9964168071746826,0.997718870639801,268.8538808822632,False
109,3.635851101634684,56.049335,True,True,0.9964103698730469,0.9977201819419861,268.8152723312378,False
110,3.6692075337597725,56.053226,True,True,0.9964123964309692,0.997718870639801,268.7760968208313,False
111,3.7025639658848615,56.048466,True,True,0.9964133501052856,0.9977163672447205,268.73263454437256,False
112,3.7359203980099505,56.026985,True,True,0.9964184165000916,0.997712254524231,268.7216410636902,False
113,3.769276830135039,56.01488,True,True,0.9964369535446167,0.9977054595947266,268.6953535079956,False
114,3.802633262260128,56.005306,True,True,0.9964292049407959,0.9976884722709656,268.6792850494385,False
115,3.835989694385217,55.97833,True,True,0.9964284300804138,0.9976649284362793,268.68777561187744,False
116,3.8693461265103055,55.970737,True,True,0.9964320659637451,0.9976526498794556,268.62987661361694,False
117,3.9027025586353945,55.95673,True,True,0.9964385628700256,0.9976406693458557,268.5992331504822,False
118,3.9360589907604835,55.951385,True,True,0.9964495301246643,0.9976373314857483,268.5646347999573,False
119,3.969415422885572,55.959698,True,True,0.9964743256568909,0.9976468682289124,268.57002782821655,False
120,4.002771855010661,55.971443,True,True,0.9964998960494995,0.9976587295532227,268.56702709198,False
121,4.03612828713575,55.99283,True,True,0.9965174794197083,0.9976671934127808,268.57244777679443,False
122,4.0694847192608385,55.99968,True,True,0.9965271949768066,0.9976714849472046,268.54763984680176,False
123,4.1028411513859275,56.01235,True,True,0.9965470433235168,0.9976885318756104,268.5260953903198,False
124,4.1361975835110165,56.021362,True,True,0.996539831161499,0.9976900815963745,268.52229261398315,False
125,4.1695540156361055,56.03016,True,True,0.996526837348938,0.9976884722709656,268.5234127044678,False
126,4.202910447761194,56.040638,True,True,0.9965192675590515,0.9976911544799805,268.49159383773804,False
127,4.236266879886283,56.036995,True,True,0.9965057969093323,0.9976864457130432,268.46772623062134,False
128,4.269623312011372,56.01848,True,True,0.9964618682861328,0.997665286064148,268.45252895355225,False
129,4.302979744136461,56.008114,True,True,0.9964174032211304,0.9976435303688049,268.4508833885193,False
130,4.3363361762615495,56.00389,True,True,0.9963973760604858,0.9976336359977722,268.4231300354004,False
131,4.3696926083866385,56.000744,True,True,0.9963643550872803,0.9976239800453186,268.39920711517334,False
132,4.4030490405117275,55.98581,True,True,0.9963215589523315,0.997609555721283,268.34942531585693,False
133,4.436405472636816,55.960857,True,True,0.9962823390960693,0.9975923895835876,268.281307220459,False
134,4.469761904761905,55.94276,True,True,0.9962486624717712,0.997569739818573,268.22264766693115,False
135,4.503118336886994,55.92807,True,True,0.9962454438209534,0.9975542426109314,268.160710811615,False
136,4.536474769012083,55.914677,True,True,0.9962105751037598,0.9975353479385376,268.09797191619873,False
137,4.569831201137172,55.901535,True,True,0.9961979985237122,0.9975327253341675,267.9909963607788,False
138,4.6031876332622605,55.89548,True,True,0.9961779713630676,0.9975190758705139,267.9537706375122,False
139,4.636544065387349,55.886024,True,True,0.9961512684822083,0.9975017309188843,267.99724674224854,False
140,4.669900497512438,55.877567,True,True,0.9961425065994263,0.9974901080131531,268.0171456336975,False
141,4.703256929637527,55.867157,True,True,0.9961327314376831,0.9974802732467651,268.0816683769226,False
142,4.736613361762616,55.85245,True,True,0.9961112141609192,0.9974765777587891,268.12240648269653,False
143,4.769969793887705,55.848427,True,True,0.9960985779762268,0.9974769949913025,268.1500492095947,False
144,4.803326226012794,55.84287,True,True,0.9961024522781372,0.9974843263626099,268.1851315498352,False
145,4.836682658137882,55.84519,True,True,0.9961023330688477,0.9975012540817261,268.28820753097534,False
146,4.870039090262971,55.8428,True,True,0.9961011409759521,0.9975165724754333,268.47032594680786,False
147,4.90339552238806,55.817863,True,True,0.9961111545562744,0.9975196719169617,268.6664800643921,False
148,4.936751954513149,55.781475,True,True,0.9960982799530029,0.9974859356880188,269.17903900146484,False
149,4.970108386638238,55.713955,True,True,0.9961016178131104,0.9974570870399475,269.6797194480896,False
150,5.003464818763327,55.654865,True,True,0.9961228370666504,0.9974258542060852,269.9039726257324,False
151,5.036821250888415,55.613834,True,True,0.996075451374054,0.9973595142364502,270.0999331474304,False
152,5.070177683013504,55.584312,True,True,0.9960544109344482,0.9972949028015137,270.1983075141907,False
153,5.103534115138593,55.514347,True,True,0.9960866570472717,0.9972823262214661,270.2053461074829,False
154,5.136890547263682,55.499798,True,True,0.9961190223693848,0.997286319732666,270.20357608795166,False
155,5.170246979388771,55.50566,True,True,0.9961687326431274,0.9973248243331909,270.20151567459106,False
156,5.20360341151386,55.569645,True,True,0.9962525963783264,0.9973682761192322,270.20302295684814,False
157,5.236959843638948,55.744877,True,True,0.9963493347167969,0.9973986744880676,270.2233920097351,False
158,5.270316275764037,56.042057,True,True,0.9964548945426941,0.9974340796470642,270.231716632843,False
159,5.303672707889126,56.645115,True,True,0.9965806603431702,0.997488796710968,270.2136845588684,False
160,5.337029140014215,57.81943,True,True,0.9966958165168762,0.9975400567054749,270.1932601928711,False
161,5.370385572139304,58.974068,True,True,0.9967673420906067,0.9975663423538208,270.0387153625488,False
162,5.403742004264393,59.53266,True,True,0.9968411922454834,0.9975677728652954,269.70249462127686,False
163,5.437098436389481,60.02716,True,True,0.9969558715820312,0.9975677132606506,269.33557510375977,False
164,5.47045486851457,60.40306,True,True,0.9970852732658386,0.9975653290748596,269.1702995300293,False
165,5.503811300639659,60.567276,True,True,0.9971973896026611,0.9975619912147522,268.9605107307434,False
166,5.537167732764748,60.785484,True,True,0.9972949028015137,0.9975833296775818,268.57161808013916,False
167,5.570524164889837,61.010944,True,True,0.997373104095459,0.9976266622543335,268.0178647041321,False
168,5.603880597014926,61.119965,True,True,0.9974423050880432,0.9976913332939148,267.65568828582764,False
169,5.637237029140014,61.17492,True,True,0.9974106550216675,0.997701108455658,267.46304655075073,False
170,5.670593461265103,61.294144,True,True,0.9972445368766785,0.9976039528846741,266.71323585510254,False
171,5.703949893390192,61.40459,True,True,0.9970828294754028,0.9975036382675171,265.96912240982056,False
172,5.737306325515281,61.454483,True,True,0.9969605207443237,0.9974444508552551,265.8823084831238,False
173,5.77066275764037,61.438484,True,True,0.9969096779823303,0.9974253177642822,265.8029203414917,False
174,5.804019189765459,61.470364,True,True,0.9969131350517273,0.9974169135093689,265.7096209526062,False
175,5.837375621890548,61.52816,True,True,0.9969516396522522,0.9974278211593628,265.52607822418213,False
176,5.870732054015636,61.64092,True,True,0.9969956874847412,0.997481644153595,265.3289837837219,False
177,5.904088486140725,61.883545,True,True,0.9970186948776245,0.9975070357322693,265.5028190612793,False
178,5.937444918265814,62.085,True,True,0.9970746040344238,0.9975324273109436,265.72519159317017,False
179,5.970801350390903,62.162777,True,True,0.9971125721931458,0.9975387454032898,265.8185601234436,False
180,6.004157782515992,62.216618,True,True,0.9971409440040588,0.997541069984436,265.99126148223877,False
181,6.037514214641081,62.251205,True,True,0.9971935153007507,0.997550368309021,266.2345976829529,False
182,6.070870646766169,62.34186,True,True,0.9972288608551025,0.9975373148918152,266.4783763885498,False
183,6.104227078891258,62.540794,True,True,0.997259259223938,0.9975221157073975,266.6289110183716,False
184,6.137583511016347,63.32273,True,True,0.9973102807998657,0.9974936246871948,267.01401472091675,False
185,6.170939943141436,63.897327,True,True,0.9973683953285217,0.9974642992019653,267.3182644844055,False
186,6.204296375266525,64.291985,True,True,0.9974199533462524,0.9974316954612732,267.52140188217163,False
187,6.237652807391614,64.34177,True,True,0.9974702596664429,0.9974046349525452,267.627893447876,False
188,6.271009239516702,64.31682,True,True,0.9974998831748962,0.9973868727684021,267.6967306137085,False
189,6.304365671641791,64.36159,True,True,0.9975196123123169,0.9973622560501099,267.73344469070435,False
190,6.33772210376688,64.43973,True,True,0.997535765171051,0.9973382949829102,267.7467751502991,False
191,6.371078535891969,64.5761,True,True,0.997521698474884,0.9972964525222778,267.7878727912903,False
192,6.404434968017058,64.786194,True,True,0.9975021481513977,0.9972800612449646,267.79030656814575,False
193,6.437791400142147,65.21215,True,True,0.9974634051322937,0.9972503781318665,267.7323384284973,False
194,6.471147832267235,66.030594,True,True,0.9973978996276855,0.9972155094146729,267.51382398605347,False
195,6.504504264392324,66.59504,True,True,0.9973470568656921,0.997191846370697,267.3675208091736,False
196,6.537860696517413,66.710304,True,True,0.9973099827766418,0.9971696734428406,267.09690141677856,False
197,6.571217128642502,66.69703,True,True,0.9973086714744568,0.9971538782119751,266.7772469520569,False
198,6.604573560767591,66.771545,True,True,0.9973101019859314,0.9971404075622559,266.5987515449524,False
199,6.63792999289268,66.88629,True,True,0.9973062872886658,0.9971576929092407,266.2210874557495,False
200,6.671286425017768,66.93888,True,True,0.9972630143165588,0.9971367120742798,265.24949884414673,False
201,6.704642857142857,67.066666,True,True,0.9972407221794128,0.997137725353241,264.5483498573303,False
202,6.737999289267946,67.14137,True,True,0.9972023367881775,0.9971411824226379,264.28306818008423,False
203,6.771355721393035,67.125595,True,True,0.9971839189529419,0.9971680045127869,264.04027128219604,False
204,6.804712153518124,67.180084,True,True,0.9971935153007507,0.9972025752067566,263.8953232765198,False
205,6.838068585643213,67.23755,True,True,0.9971875548362732,0.9972154498100281,263.763041973114,False
206,6.871425017768301,67.50948,True,True,0.9971541166305542,0.9972025752067566,263.6938314437866,False
207,6.90478144989339,67.844154,True,True,0.9970954656600952,0.9971505999565125,263.6117467880249,False
208,6.938137882018479,68.106,True,True,0.9970782399177551,0.997126579284668,263.478497505188,False
209,6.971494314143568,68.24379,True,True,0.9970530867576599,0.9970985054969788,263.42099952697754,False
210,7.004850746268657,68.33789,True,True,0.997032880783081,0.9970853328704834,263.3445568084717,False
211,7.038207178393746,68.45651,True,True,0.9970330595970154,0.9970788955688477,263.2696075439453,False
212,7.071563610518834,68.59815,True,True,0.9970582127571106,0.9970871210098267,263.1126012802124,False
213,7.104920042643923,68.9951,True,True,0.9970922470092773,0.9970567226409912,263.0625982284546,False
214,7.138276474769012,69.835464,True,True,0.9971283674240112,0.9970089793205261,262.929404258728,False
215,7.171632906894101,70.25973,True,True,0.9971807599067688,0.9969828724861145,262.7124800682068,False
216,7.20498933901919,70.41023,True,True,0.9972248673439026,0.9970009922981262,262.4362325668335,False
217,7.238345771144279,70.57989,True,True,0.9972415566444397,0.9969906210899353,262.31193017959595,False
218,7.271702203269368,70.73599,True,True,0.9972726106643677,0.996979832649231,262.26575756073,False
219,7.305058635394456,70.88321,True,True,0.9972792863845825,0.9969616532325745,262.2368288040161,False
220,7.338415067519545,70.92151,True,True,0.9972760677337646,0.9969721436500549,262.23691177368164,False
221,7.371771499644634,70.96252,True,True,0.9972705245018005,0.9969794750213623,262.2514452934265,False
222,7.405127931769723,70.996994,True,True,0.99726402759552,0.9969955682754517,262.27628087997437,False
223,7.438484363894812,71.02821,True,True,0.9972365498542786,0.9969844222068787,262.3423662185669,False
224,7.471840796019901,71.047,True,True,0.9972080588340759,0.9969639182090759,262.29161643981934,False
225,7.505197228144989,71.097496,True,True,0.9971754550933838,0.9969571828842163,262.2407007217407,False
226,7.538553660270078,71.115524,True,True,0.9971376061439514,0.996925950050354,262.2063236236572,False
227,7.571910092395167,71.130264,True,True,0.9971035718917847,0.9968839883804321,262.17182207107544,False
228,7.605266524520256,71.13517,True,True,0.997059166431427,0.9968478083610535,262.03571033477783,False
229,7.638622956645345,71.145775,True,True,0.9970020055770874,0.9968057870864868,261.9850435256958,False
230,7.671979388770434,71.1593,True,True,0.9969592690467834,0.9967892169952393,261.8969020843506,False
231,7.705335820895522,71.16144,True,True,0.9969426393508911,0.9968076348304749,261.82419300079346,False
232,7.738692253020611,71.17304,True,True,0.9969159960746765,0.9968302845954895,261.6939859390259,False
233,7.7720486851457,71.195694,True,True,0.9968834519386292,0.9968657493591309,261.6439137458801,False
234,7.805405117270789,71.22748,True,True,0.9968677759170532,0.9969003200531006,261.58999729156494,False
235,7.838761549395878,71.22186,True,True,0.9968599081039429,0.9969379901885986,261.5465350151062,False
236,7.872117981520967,71.20033,True,True,0.9968549609184265,0.9969647526741028,261.4995880126953,False
237,7.905474413646055,71.198944,True,True,0.996852695941925,0.9969862103462219,261.34572076797485,False
238,7.938830845771144,71.19202,True,True,0.9968526363372803,0.9970055818557739,261.19749546051025,False
239,7.972187277896233,71.17465,True,True,0.9968502521514893,0.9970235228538513,261.16871881484985,False
240,8.005543710021321,71.17356,True,True,0.9968380928039551,0.9970405697822571,261.1407856941223,False
241,8.03890014214641,71.18346,True,True,0.9968250393867493,0.9970499873161316,261.0884041786194,False
242,8.0722565742715,71.17801,True,True,0.9968116283416748,0.9970636963844299,261.05496740341187,False
243,8.105613006396588,71.18231,True,True,0.9968098998069763,0.9970821738243103,261.05809259414673,False
244,8.138969438521677,71.1878,True,True,0.9968100786209106,0.9970980882644653,261.05872869491577,False
245,8.172325870646766,71.20113,True,True,0.9968198537826538,0.9971222281455994,261.04253578186035,False
246,8.205682302771855,71.221214,True,True,0.9968283772468567,0.9971476197242737,261.035870552063,False
247,8.239038734896944,71.22249,True,True,0.9968436360359192,0.9971792101860046,260.96863746643066,False
248,8.272395167022033,71.22204,True,True,0.9968709945678711,0.9972068667411804,260.95653772354126,False
249,8.305751599147122,71.21509,True,True,0.9968962073326111,0.9972357749938965,260.9494438171387,False
250,8.339108031272211,71.20654,True,True,0.9969078302383423,0.9972662329673767,260.91281270980835,False
251,8.3724644633973,71.1985,True,True,0.9969169497489929,0.9972859025001526,260.8934392929077,False
252,8.405820895522387,71.19473,True,True,0.9969339370727539,0.9973025918006897,260.8874931335449,False
253,8.439177327647476,71.19165,True,True,0.9969512224197388,0.9973188042640686,260.89715909957886,False
254,8.472533759772565,71.18278,True,True,0.9969723224639893,0.9973286986351013,260.92274141311646,False
255,8.505890191897654,71.18106,True,True,0.9969945549964905,0.9973281025886536,260.94796419143677,False
256,8.539246624022743,71.17253,True,True,0.9969983696937561,0.9973194599151611,260.9437189102173,False
257,8.572603056147832,71.16708,True,True,0.9970042705535889,0.9973166584968567,260.93597507476807,False
258,8.605959488272921,71.16466,True,True,0.9970032572746277,0.9973238706588745,260.9339008331299,False
259,8.63931592039801,71.164474,True,True,0.9970167279243469,0.9973435997962952,260.9400544166565,False
260,8.672672352523099,71.16612,True,True,0.9970232248306274,0.9973509907722473,260.9315776824951,False
261,8.706028784648188,71.1537,True,True,0.997039794921875,0.9973523020744324,260.9336795806885,False
262,8.739385216773277,71.153015,True,True,0.997054398059845,0.9973583817481995,260.93300199508667,False
263,8.772741648898366,71.15542,True,True,0.9970643520355225,0.9973646998405457,260.9303607940674,False
264,8.806098081023455,71.156494,True,True,0.9970809817314148,0.9973604679107666,260.9749984741211,False
265,8.839454513148542,71.14889,True,True,0.9970893263816833,0.997342586517334,261.02276134490967,False
266,8.872810945273631,71.183,True,True,0.9970982670783997,0.9973232746124268,261.0310859680176,False
267,8.90616737739872,71.18436,True,True,0.9970980882644653,0.997308611869812,261.0106062889099,False
268,8.93952380952381,71.16667,True,True,0.9971047639846802,0.9972999691963196,261.0127635002136,False
269,8.972880241648898,71.167145,True,True,0.9971110224723816,0.997290313243866,261.0063886642456,False
270,9.006236673773987,71.176315,True,True,0.9971180558204651,0.9972802996635437,260.9818158149719,False
271,9.039593105899076,71.17217,True,True,0.9970978498458862,0.9972543120384216,260.9584045410156,False
272,9.072949538024165,71.17923,True,True,0.9970852136611938,0.9972242116928101,260.95048093795776,False
273,9.106305970149254,71.17799,True,True,0.9970629811286926,0.9972044229507446,260.9492778778076,False
274,9.139662402274343,71.16413,True,True,0.9970378279685974,0.9971904754638672,260.94786739349365,False
275,9.173018834399432,71.1544,True,True,0.9969936609268188,0.9971582889556885,260.93951511383057,False
276,9.206375266524521,71.160645,True,True,0.9969726800918579,0.9971223473548889,260.9367079734802,False
277,9.239731698649608,71.16327,True,True,0.9969657063484192,0.9970967769622803,260.94739723205566,False
278,9.273088130774697,71.17928,True,True,0.9969530701637268,0.9970771670341492,260.9430413246155,False
279,9.306444562899786,71.18628,True,True,0.9969437122344971,0.9970633387565613,260.9566898345947,False
280,9.339800995024875,71.19447,True,True,0.9969435930252075,0.9970427751541138,260.92960023880005,False
281,9.373157427149964,71.19599,True,True,0.9969435930252075,0.9970234036445618,260.8980302810669,False
282,9.406513859275053,71.19206,True,True,0.9969291090965271,0.9969890117645264,260.79976654052734,False
283,9.439870291400142,71.19106,True,True,0.9969029426574707,0.9969504475593567,260.6894860267639,False
284,9.473226723525231,71.19094,True,True,0.9968703985214233,0.9969180226325989,260.4919629096985,False
285,9.50658315565032,71.20021,True,True,0.9968568682670593,0.9968862533569336,260.0697441101074,False
286,9.53993958777541,71.20265,True,True,0.9968204498291016,0.9968310594558716,259.4884033203125,False
287,9.573296019900498,71.20598,True,True,0.9967670440673828,0.9967746734619141,258.67769289016724,False
288,9.606652452025587,71.22027,True,True,0.9967283606529236,0.9967284798622131,258.20252561569214,False
289,9.640008884150674,71.22345,True,True,0.996677815914154,0.9966673254966736,257.8646454811096,False
290,9.673365316275763,71.23222,True,True,0.9965707659721375,0.9966077208518982,256.820472240448,False
291,9.706721748400852,71.253494,True,True,0.9964855313301086,0.9965453147888184,255.99167442321777,False
292,9.740078180525941,71.276535,True,True,0.9964115619659424,0.9965298771858215,255.33632469177246,False
293,9.77343461265103,71.30896,True,True,0.9962788224220276,0.996497631072998,254.64160585403442,False
294,9.80679104477612,71.32692,True,True,0.99611496925354,0.9964333772659302,254.07334661483765,False
295,9.840147476901208,71.36658,True,True,0.9959865212440491,0.9963800311088562,253.5788197517395,False
296,9.873503909026297,71.37778,True,True,0.9958550333976746,0.9963265061378479,253.35199451446533,False
297,9.906860341151386,71.394196,True,True,0.9956939220428467,0.9962721467018127,253.16643285751343,False
298,9.940216773276475,71.43971,True,True,0.9955445528030396,0.9962350726127625,252.78719234466553,False
299,9.973573205401564,71.50009,True,True,0.9954371452331543,0.9962273836135864,252.30328559875488,False
300,10.006929637526653,71.491905,True,True,0.9953832626342773,0.9962214231491089,252.06080675125122,False
301,10.040286069651742,71.46498,True,True,0.9953734874725342,0.9962289929389954,251.866934299469,False
302,10.07364250177683,71.293335,True,True,0.9953726530075073,0.9962550401687622,251.70284795761108,False
303,10.106998933901918,71.16151,True,True,0.9953651428222656,0.9962844252586365,251.43258810043335,False
304,10.140355366027007,71.10408,True,True,0.9953182339668274,0.9962950348854065,251.41488790512085,False
305,10.173711798152096,71.13637,True,True,0.9952962398529053,0.9963337779045105,251.42142868041992,False
306,10.207068230277185,71.14966,True,True,0.9952885508537292,0.9963717460632324,251.49615669250488,False
307,10.240424662402274,71.17094,True,True,0.9953060150146484,0.996427595615387,251.7321915626526,False
308,10.273781094527363,71.14978,True,True,0.9953010082244873,0.9964749217033386,252.06593704223633,False
309,10.307137526652452,71.12883,True,True,0.9952914118766785,0.9965359568595886,252.19460916519165,False
310,10.340493958777541,71.19277,True,True,0.9952614307403564,0.9965833425521851,252.2098479270935,False
311,10.37385039090263,71.21757,True,True,0.9951579570770264,0.996594250202179,252.2591872215271,False
312,10.40720682302772,71.13684,True,True,0.9949924945831299,0.9965918064117432,252.31982421875,False
313,10.440563255152808,71.08467,True,True,0.9948247671127319,0.9966332912445068,252.41829538345337,False
314,10.473919687277895,71.25314,True,True,0.9946046471595764,0.9966749548912048,252.49220752716064,False
315,10.507276119402984,71.68384,True,True,0.9943261742591858,0.9967267513275146,252.16934490203857,False
316,10.540632551528073,71.97946,True,True,0.994154691696167,0.9968000054359436,252.1267123222351,False
317,10.573988983653162,72.1158,True,True,0.9940618872642517,0.9968602061271667,252.00731897354126,False
318,10.607345415778251,72.18878,True,True,0.9940069913864136,0.9969226717948914,251.89818620681763,False
319,10.64070184790334,72.395294,True,True,0.9940107464790344,0.9969951510429382,251.71599864959717,False
320,10.67405828002843,72.583786,True,True,0.994045615196228,0.9970598220825195,251.48206567764282,False
321,10.707414712153518,72.813705,True,True,0.9940706491470337,0.9971317648887634,251.1971616744995,False
322,10.740771144278607,72.90681,True,True,0.9940912127494812,0.9971927404403687,250.85315561294556,False
323,10.774127576403696,72.91016,True,True,0.9941239953041077,0.9972424507141113,250.566246509552,False
324,10.807484008528785,72.91247,True,True,0.9941866397857666,0.9972872734069824,250.30128288269043,False
325,10.840840440653874,72.896286,True,True,0.9942618012428284,0.9973160028457642,249.74021434783936,False
326,10.874196872778962,72.76208,True,True,0.9942282438278198,0.9972827434539795,249.40458822250366,False
327,10.90755330490405,72.6835,True,True,0.9942089319229126,0.9972640872001648,249.32674884796143,False
328,10.94090973702914,72.675354,True,True,0.9940799474716187,0.9972330331802368,249.44092893600464,False
329,10.974266169154228,72.644714,True,True,0.9939684271812439,0.9971970915794373,249.36725187301636,False
330,11.007622601279317,72.6001,True,True,0.9938350915908813,0.9971768856048584,248.9960594177246,False
331,11.040979033404406,72.58093,True,True,0.9936935305595398,0.9971622228622437,248.8658800125122,False
332,11.074335465529495,72.526375,True,True,0.9934735894203186,0.9971544742584229,248.7286205291748,False
333,11.107691897654584,72.39282,True,True,0.9931801557540894,0.9971067905426025,248.5369052886963,False
334,11.141048329779673,72.30043,True,True,0.9928692579269409,0.997064471244812,248.36831092834473,False
335,11.174404761904762,72.19513,True,True,0.9924909472465515,0.997025191783905,248.17302799224854,False
336,11.207761194029851,71.943436,True,True,0.9921931028366089,0.9969852566719055,248.13003587722778,False
337,11.24111762615494,71.738144,True,True,0.991870641708374,0.9969502687454224,248.25989723205566,False
338,11.274474058280028,71.48921,True,True,0.9914748072624207,0.996881902217865,248.57901239395142,False
339,11.307830490405117,71.06549,True,True,0.9911389350891113,0.9967742562294006,248.73311471939087,False
340,11.341186922530206,70.60313,True,True,0.9908387064933777,0.9966531991958618,248.98171949386597,False
341,11.374543354655295,70.4513,True,True,0.9906843304634094,0.9965677857398987,249.14826726913452,False
342,11.407899786780384,70.32203,True,True,0.9905685186386108,0.9965250492095947,249.4854006767273,False
343,11.441256218905473,70.22974,True,True,0.990468442440033,0.996507465839386,249.51699829101562,False
344,11.474612651030561,70.185486,True,True,0.9904794692993164,0.9965062141418457,249.64319515228271,False
345,11.50796908315565,70.15245,True,True,0.9904743432998657,0.9965304136276245,249.6062045097351,False
346,11.54132551528074,70.1419,True,True,0.990501880645752,0.9965483546257019,249.84222555160522,False
347,11.574681947405828,70.1472,True,True,0.9905601143836975,0.9965439438819885,249.95831394195557,False
348,11.608038379530917,70.1626,True,True,0.9906103610992432,0.9964956045150757,250.09811782836914,False
349,11.641394811656006,70.19645,True,True,0.9906337857246399,0.9964572787284851,250.48113346099854,False
350,11.674751243781095,70.21629,True,True,0.9906970262527466,0.9964190125465393,251.0098853111267,False
351,11.708107675906183,70.235306,True,True,0.9907666444778442,0.9963657855987549,251.1458864212036,False
352,11.741464108031272,70.25183,True,True,0.990803062915802,0.9963001012802124,251.4021520614624,False
353,11.77482054015636,70.26522,True,True,0.9908667206764221,0.9962440133094788,251.86870431900024,False
354,11.80817697228145,70.29701,True,True,0.9909027218818665,0.9961771368980408,251.9159278869629,False
355,11.841533404406539,70.329735,True,True,0.9910109043121338,0.9961355328559875,252.1524052619934,False
356,11.874889836531628,70.36403,True,True,0.9911450147628784,0.9961017966270447,252.28151988983154,False
357,11.908246268656717,70.38258,True,True,0.9912636280059814,0.9960742592811584,252.31806802749634,False
358,11.941602700781806,70.42914,True,True,0.991359531879425,0.9960601329803467,252.41030263900757,False
359,11.974959132906895,70.43738,True,True,0.9914701581001282,0.9960544109344482,252.50167989730835,False
360,12.008315565031983,70.45677,True,True,0.9915211200714111,0.9960321187973022,252.4495611190796,False
361,12.041671997157072,70.45255,True,True,0.9915409684181213,0.9960020780563354,252.49435091018677,False
362,12.075028429282161,70.467026,True,True,0.9916249513626099,0.9960055351257324,252.84943342208862,False
363,12.108384861407249,70.50639,True,True,0.9916748404502869,0.9959830641746521,252.87312126159668,False
364,12.141741293532338,70.52431,True,True,0.9917205572128296,0.995942234992981,252.94621753692627,False
365,12.175097725657427,70.561646,True,True,0.9918359518051147,0.9959352016448975,253.00195932388306,False
366,12.208454157782516,70.58195,True,True,0.9919180870056152,0.9959153532981873,252.91072034835815,False
367,12.241810589907605,70.64911,True,True,0.9920017123222351,0.9958994388580322,252.74066019058228,False
368,12.275167022032694,70.69093,True,True,0.9920021295547485,0.9958620667457581,252.409818649292,False
369,12.308523454157783,70.8086,True,True,0.9920403361320496,0.9958168864250183,252.36236000061035,False
370,12.341879886282872,70.9276,True,True,0.992102861404419,0.9958082437515259,252.37103033065796,False
371,12.37523631840796,71.050514,True,True,0.9921327829360962,0.9957844614982605,252.37490224838257,False
372,12.40859275053305,71.11983,True,True,0.9921941757202148,0.9957886934280396,252.78373527526855,False
373,12.441949182658139,71.181274,True,True,0.9922491312026978,0.9958043694496155,253.3676619529724,False
374,12.475305614783228,71.24646,True,True,0.9923095703125,0.9958237409591675,253.77277517318726,False
375,12.508662046908315,71.37686,True,True,0.9923710227012634,0.9958773255348206,254.10961818695068,False
376,12.542018479033404,71.479706,True,True,0.9923698306083679,0.9958856701850891,254.3535213470459,False
377,12.575374911158493,71.615486,True,True,0.9923920035362244,0.9958687424659729,254.8270707130432,False
378,12.608731343283582,71.74668,True,True,0.9924196004867554,0.9958640933036804,254.92565250396729,False
379,12.64208777540867,71.95056,True,True,0.992421567440033,0.9958783388137817,255.04994106292725,False
380,12.67544420753376,72.077896,True,True,0.9924522042274475,0.9958703517913818,255.1122374534607,False
381,12.708800639658849,72.11702,True,True,0.9924413561820984,0.9958502054214478,255.17532205581665,False
382,12.742157071783938,72.21671,True,True,0.9924649596214294,0.9958718419075012,255.1890811920166,False
383,12.775513503909027,72.33513,True,True,0.9924728274345398,0.9958816766738892,255.17684316635132,False
384,12.808869936034116,72.645996,True,True,0.9924724102020264,0.9958723783493042,255.18833446502686,False
385,12.842226368159205,73.311554,True,True,0.9925387501716614,0.9958713054656982,255.25609302520752,False
386,12.875582800284294,74.078064,True,True,0.9925973415374756,0.9958661198616028,255.25688123703003,False
387,12.908939232409383,74.58634,True,True,0.9926968812942505,0.9959335923194885,255.2022042274475,False
388,12.94229566453447,74.83574,True,True,0.9927743673324585,0.996004045009613,255.1328001022339,False
389,12.975652096659559,75.025986,True,True,0.9929642081260681,0.9960886836051941,255.1041340827942,False
390,13.009008528784648,75.567795,True,True,0.9932021498680115,0.9962035417556763,255.36667776107788,False
391,13.042364960909737,75.92234,True,True,0.9934564232826233,0.9963206052780151,255.5861325263977,False
392,13.075721393034826,76.30437,True,True,0.9936941862106323,0.9964173436164856,255.60214567184448,False
393,13.109077825159915,77.1165,True,True,0.9938035011291504,0.9964136481285095,255.40984964370728,False
394,13.142434257285004,77.716324,True,True,0.9939456582069397,0.9963833093643188,255.26795768737793,False
395,13.175790689410093,78.482285,True,True,0.9940674901008606,0.9963591694831848,255.08628177642822,False
396,13.209147121535182,79.11583,True,True,0.9940976500511169,0.9963338375091553,255.00813817977905,False
397,13.24250355366027,79.614136,True,True,0.9941255450248718,0.9962953329086304,254.59522581100464,False
398,13.27585998578536,79.92522,True,True,0.9942017793655396,0.9962470531463623,254.38257455825806,False
399,13.309216417910449,80.00928,True,True,0.9942477345466614,0.9962267279624939,254.1287703514099,False
400,13.342572850035536,80.30773,True,True,0.9942418336868286,0.9962453246116638,252.5377163887024,False
401,13.375929282160625,80.906296,True,True,0.9940502643585205,0.9962628483772278,251.24715089797974,False
402,13.409285714285714,81.36339,True,True,0.9937707781791687,0.9962428212165833,250.14153861999512,False
403,13.442642146410803,81.58162,True,True,0.9936050772666931,0.9962081909179688,249.75429153442383,False
404,13.475998578535892,81.501434,True,True,0.9933923482894897,0.9962212443351746,249.63984870910645,False
405,13.50935501066098,81.54968,True,True,0.9932861924171448,0.9962920546531677,249.50962781906128,False
406,13.54271144278607,81.668655,True,True,0.993165910243988,0.99636310338974,249.4531946182251,False
407,13.576067874911159,81.80689,True,True,0.9931097030639648,0.9964248538017273,249.47653675079346,False
408,13.609424307036248,81.8431,True,True,0.993125855922699,0.9964412450790405,249.66505765914917,False
409,13.642780739161337,81.93649,True,True,0.9931641817092896,0.9964525103569031,249.74035263061523,False
410,13.676137171286426,82.21207,True,True,0.9932237863540649,0.9964423179626465,250.06545543670654,False
411,13.709493603411515,82.38353,True,True,0.9932894706726074,0.9964901804924011,250.19790267944336,False
412,13.742850035536602,82.44624,True,True,0.993287205696106,0.9965587854385376,250.3577160835266,False
413,13.77620646766169,82.76373,True,True,0.993202805519104,0.99654620885849,250.42833709716797,False
414,13.80956289978678,83.01181,True,True,0.9932063221931458,0.9965439438819885,250.53481483459473,False
415,13.842919331911869,83.27197,True,True,0.9931652545928955,0.996515154838562,250.41553211212158,False
416,13.876275764036958,83.508514,True,True,0.9929987192153931,0.9964361190795898,250.37342500686646,False
417,13.909632196162047,83.54997,True,True,0.9927762150764465,0.9964025616645813,250.26434755325317,False
418,13.942988628287136,83.55802,True,True,0.9925265908241272,0.996330976486206,250.1887068748474,False
419,13.976345060412225,83.51933,True,True,0.9922999143600464,0.9962649345397949,250.1970591545105,False
420,14.009701492537314,83.49246,True,True,0.9920865893363953,0.9962186813354492,250.1755838394165,False
421,14.043057924662403,83.48088,True,True,0.9919946789741516,0.9961856007575989,250.1575517654419,False
422,14.076414356787492,83.456184,True,True,0.9919061660766602,0.9961737394332886,250.14289379119873,False
423,14.10977078891258,83.440475,True,True,0.9919034838676453,0.9961695671081543,250.1152787208557,False
424,14.143127221037668,83.387794,True,True,0.9919518828392029,0.9961943030357361,250.06065702438354,False
425,14.176483653162757,83.33103,True,True,0.9919434189796448,0.9962114691734314,249.87954807281494,False
426,14.209840085287846,83.2764,True,True,0.9919566512107849,0.9962302446365356,249.78028869628906,False
427,14.243196517412935,83.242645,True,True,0.9920035600662231,0.9962347745895386,249.6740460395813,False
428,14.276552949538024,83.1986,True,True,0.9919874668121338,0.996246874332428,249.60657787322998,False
429,14.309909381663113,83.25421,True,True,0.9920645356178284,0.9962435364723206,249.3356957435608,False
430,14.343265813788202,83.47688,True,True,0.9921958446502686,0.9962588548660278,248.6695876121521,False
431,14.37662224591329,83.767044,True,True,0.9923102259635925,0.996268630027771,247.7813835144043,False
432,14.40997867803838,83.94713,True,True,0.9922757744789124,0.9961935877799988,246.91069984436035,False
433,14.443335110163469,84.07334,True,True,0.9921478629112244,0.9960998296737671,246.0857048034668,False
434,14.476691542288558,84.21425,True,True,0.9920321702957153,0.9959779381752014,244.65487909317017,False
435,14.510047974413647,84.5004,True,True,0.9916372895240784,0.995818555355072,243.34666872024536,False
436,14.543404406538736,84.72789,True,True,0.9912065863609314,0.9956231713294983,242.058274269104,False
437,14.576760838663823,84.92612,True,True,0.9907720685005188,0.9953973889350891,239.89490938186646,False
438,14.610117270788912,84.98277,True,True,0.9902951121330261,0.9950427412986755,237.78710651397705,False
439,14.643473702914001,84.947845,True,True,0.9898214340209961,0.9946855306625366,236.3618950843811,False
440,14.67683013503909,85.01213,True,True,0.9892159104347229,0.9944719076156616,235.13185596466064,False
441,14.710186567164179,84.97725,True,True,0.9888961911201477,0.9943466782569885,234.2103672027588,False
442,14.743542999289268,84.95915,True,True,0.9887039661407471,0.9942730665206909,233.35644340515137,False
443,14.776899431414357,84.939865,True,True,0.9885897636413574,0.9941757321357727,232.98646783828735,False
444,14.810255863539446,84.943115,True,True,0.9885410070419312,0.9940202832221985,232.95908784866333,False
445,14.843612295664535,84.9606,True,True,0.9883645176887512,0.993802011013031,232.93392038345337,False
446,14.876968727789624,84.943985,True,True,0.9882157444953918,0.9936240911483765,233.21488332748413,False
447,14.910325159914713,84.961945,True,True,0.9880406856536865,0.9934251308441162,233.451180934906,False
448,14.943681592039802,84.95952,True,True,0.9878877997398376,0.99326092004776,234.89490842819214,False
449,14.977038024164889,84.976036,True,True,0.9878129363059998,0.9931607246398926,235.7854495048523,False
450,15.010394456289978,84.90321,True,True,0.9877851605415344,0.9930222630500793,237.0292477607727,False
451,15.043750888415067,84.663414,True,True,0.9876874089241028,0.9927264451980591,238.0123414993286,False
452,15.077107320540156,84.49455,True,True,0.9874793291091919,0.9922415614128113,239.33178043365479,False
453,15.110463752665245,84.38147,True,True,0.9872840046882629,0.9919148087501526,240.23225021362305,False
454,15.143820184790334,84.19616,True,True,0.987296998500824,0.9918635487556458,240.71668243408203,False
455,15.177176616915423,83.93179,True,True,0.987598717212677,0.9920064210891724,241.14462614059448,False
456,15.210533049040512,83.6126,True,True,0.9879230856895447,0.9920480847358704,241.29083251953125,False
457,15.243889481165601,83.37619,True,True,0.9883087873458862,0.992091178894043,241.09752702713013,False
458,15.27724591329069,83.30672,True,True,0.9886619448661804,0.9921668171882629,240.93404912948608,False
459,15.310602345415779,83.33626,True,True,0.9888845682144165,0.9921451807022095,240.09741067886353,False
460,15.343958777540868,83.3887,True,True,0.9890149235725403,0.9920388460159302,239.68010091781616,False
461,15.377315209665955,83.41918,True,True,0.9890795350074768,0.9919129610061646,238.90311765670776,False
462,15.410671641791044,83.4527,True,True,0.9891720414161682,0.9917681813240051,237.86269187927246,False
463,15.444028073916133,83.53026,True,True,0.9892047643661499,0.9916697144508362,236.64728307724,False
464,15.477384506041222,83.83762,True,True,0.9892586469650269,0.9916433095932007,235.18461084365845,False
465,15.510740938166311,84.12857,True,True,0.989537239074707,0.9917410016059875,234.048894405365,False
466,15.5440973702914,84.402565,True,True,0.989844799041748,0.9919286370277405,233.49175310134888,False
467,15.577453802416489,84.82558,True,True,0.9900707006454468,0.9921098351478577,233.36786556243896,False
468,15.610810234541578,85.222824,True,True,0.9902728199958801,0.9922938346862793,233.17124128341675,False
469,15.644166666666667,85.65165,True,True,0.9905139803886414,0.992519199848175,233.00053119659424,False
470,15.677523098791756,86.160965,True,True,0.9907236695289612,0.992699921131134,232.26499128341675,False
471,15.710879530916845,86.92699,True,True,0.9908403158187866,0.9928527474403381,231.353901386261,False
472,15.744235963041934,87.45393,True,True,0.990877091884613,0.9929078221321106,230.0082025527954,False
473,15.777592395167023,87.809746,True,True,0.9909115433692932,0.993029773235321,227.9344310760498,False
474,15.81094882729211,88.09137,True,True,0.9908565282821655,0.9931157231330872,225.5273151397705,False
475,15.8443052594172,88.33624,True,True,0.9909036159515381,0.9932159781455994,223.39305877685547,False
476,15.877661691542288,88.55387,True,True,0.9909942150115967,0.9933578372001648,221.49959421157837,False
477,15.911018123667377,88.672226,True,True,0.9910086989402771,0.9934638142585754,220.06775903701782,False
478,15.944374555792466,88.887566,True,True,0.9910319447517395,0.99356609582901,218.57010126113892,False
479,15.977730987917555,89.27202,True,True,0.9911410212516785,0.9937390685081482,217.64671802520752,False
480,16.011087420042642,89.523026,True,True,0.9911659359931946,0.9937974810600281,216.66817378997803,False
481,16.04444385216773,89.72521,True,True,0.9912971258163452,0.9938503503799438,215.69894981384277,False
482,16.07780028429282,89.97008,True,True,0.9914476871490479,0.993896484375,214.65007495880127,False
483,16.11115671641791,90.36131,True,True,0.9916162490844727,0.9939382672309875,213.37682247161865,False
484,16.144513148543,90.475266,True,True,0.9916608929634094,0.9938855171203613,212.24789571762085,False
485,16.177869580668087,90.53679,True,True,0.991697371006012,0.9938558340072632,211.14131546020508,False
486,16.211226012793176,90.685265,True,True,0.9918031096458435,0.9938585162162781,209.73699855804443,False
487,16.244582444918265,90.75071,True,True,0.9919775724411011,0.9939018487930298,207.8901491165161,False
488,16.277938877043354,90.81803,True,True,0.9921497702598572,0.9939117431640625,206.57272911071777,False
489,16.311295309168443,90.891716,True,True,0.992363452911377,0.9939772486686707,205.67418146133423,False
490,16.344651741293532,90.90874,True,True,0.9925780296325684,0.9939869046211243,203.82729053497314,False
491,16.37800817341862,90.9315,True,True,0.9928120970726013,0.9940305948257446,202.30541944503784,False
492,16.41136460554371,90.88316,True,True,0.9930559992790222,0.994045078754425,201.38258934020996,False
493,16.4447210376688,90.81363,True,True,0.9931941628456116,0.9940171837806702,200.86160898208618,False
494,16.478077469793888,90.6432,True,True,0.9933314919471741,0.9940134882926941,200.39838933944702,False
495,16.511433901918977,90.43205,True,True,0.9934489727020264,0.9940042495727539,199.7074179649353,False
496,16.544790334044066,90.139175,True,True,0.9935020804405212,0.993932843208313,198.88232612609863,False
497,16.578146766169155,90.00839,True,True,0.9935554265975952,0.9939071536064148,198.44663858413696,False
498,16.611503198294244,90.00966,True,True,0.9936433434486389,0.9939630627632141,197.97253608703613,False
499,16.644859630419333,90.19079,True,True,0.9936691522598267,0.9940119981765747,197.02036237716675,False
500,16.678216062544422,90.3022,True,True,0.9936891794204712,0.994012176990509,196.17040729522705,False
501,16.71157249466951,90.35434,True,True,0.9936679601669312,0.9939286112785339,195.51337051391602,False
502,16.7449289267946,90.31402,True,True,0.9936824440956116,0.9938786625862122,195.36182641983032,False
503,16.77828535891969,90.27728,True,True,0.9937179684638977,0.9938545823097229,194.88881635665894,False
504,16.811641791044774,90.21506,True,True,0.9937480688095093,0.9938303232192993,194.3009901046753,False
505,16.844998223169863,90.060715,True,True,0.9937981367111206,0.9938151836395264,194.15633249282837,False
506,16.878354655294952,90.033066,True,True,0.9938125610351562,0.9937479496002197,193.76384449005127,False
507,16.91171108742004,89.94597,True,True,0.9937805533409119,0.9936075806617737,193.5003604888916,False
508,16.94506751954513,89.87037,True,True,0.9937317371368408,0.993493914604187,192.96166610717773,False
509,16.97842395167022,89.73837,True,True,0.9937729239463806,0.9933586120605469,192.27658557891846,False
510,17.01178038379531,89.656876,True,True,0.9938099384307861,0.9931901097297668,191.66373014450073,False
511,17.045136815920397,89.56253,True,True,0.9937894344329834,0.9929189682006836,190.62670612335205,False
512,17.078493248045486,89.53746,True,True,0.9936959743499756,0.9926777482032776,190.02765130996704,False
513,17.111849680170575,89.59398,True,True,0.9935128688812256,0.9923851490020752,189.17302227020264,False
514,17.145206112295664,89.60344,True,True,0.9932420253753662,0.9919723272323608,188.48307418823242,False
515,17.178562544420753,89.514206,True,True,0.9929373264312744,0.9915692806243896,187.83053159713745,False
516,17.211918976545842,89.814644,True,True,0.9926854968070984,0.9913051724433899,186.69441413879395,False
517,17.24527540867093,90.147064,True,True,0.9921827912330627,0.990716814994812,185.7732710838318,False
518,17.27863184079602,90.28058,True,True,0.991624116897583,0.9896714091300964,184.68090629577637,False
519,17.31198827292111,90.41532,True,True,0.9911114573478699,0.9886484742164612,183.65169525146484,False
520,17.345344705046198,90.56924,True,True,0.9907889366149902,0.9878712296485901,181.78023147583008,False
521,17.378701137171287,90.90036,True,True,0.9904710650444031,0.9869768023490906,180.0002555847168,False
522,17.412057569296376,91.11957,True,True,0.9901695251464844,0.9862012267112732,179.15194606781006,False
523,17.445414001421465,91.42081,True,True,0.9898497462272644,0.9853197932243347,178.2986307144165,False
524,17.478770433546554,91.684746,True,True,0.9893971681594849,0.9842565059661865,177.98055267333984,False
525,17.512126865671643,91.85965,True,True,0.98902428150177,0.9836310744285583,176.3136920928955,False
526,17.545483297796732,92.09455,True,True,0.9886504411697388,0.982896089553833,174.99812507629395,False
527,17.57883972992182,92.42491,True,True,0.9881512522697449,0.9820154905319214,174.49201011657715,False
528,17.61219616204691,92.81009,True,True,0.9878116250038147,0.9814788699150085,174.3437156677246,False
529,17.645552594171996,92.97717,True,True,0.9874897599220276,0.9810429811477661,173.99137115478516,False
530,17.678909026297084,93.05469,True,True,0.9871934056282043,0.9806574583053589,173.58954906463623,False
531,17.712265458422173,93.13275,True,True,0.9867156744003296,0.9800002574920654,173.33076667785645,False
532,17.745621890547262,93.18889,True,True,0.9862746596336365,0.9793735146522522,173.15511989593506,False
533,17.77897832267235,93.42409,True,True,0.9853368997573853,0.9780803918838501,173.1034574508667,False
534,17.81233475479744,93.61539,True,True,0.9846627712249756,0.977006733417511,172.56794357299805,False
535,17.84569118692253,94.06926,True,True,0.9845201969146729,0.9766761064529419,171.89530849456787,False
536,17.87904761904762,94.46388,True,True,0.9841986894607544,0.9758477210998535,171.89364910125732,False
537,17.912404051172707,94.83803,True,True,0.9841949343681335,0.9754303693771362,172.08547496795654,False
538,17.945760483297796,95.20784,True,True,0.9840409159660339,0.9745278358459473,172.53655338287354,False
539,17.979116915422885,95.266426,True,True,0.9841603636741638,0.9739227294921875,172.7624797821045,False
540,18.012473347547974,95.3419,True,True,0.984303891658783,0.9733315110206604,172.52524185180664,False
541,18.045829779673063,95.397514,True,True,0.9839261770248413,0.9714852571487427,172.15447807312012,False
542,18.079186211798152,95.320206,True,True,0.9837648868560791,0.970227837562561,170.6433515548706,False
543,18.11254264392324,95.30919,True,True,0.9837960600852966,0.9694247245788574,169.66170978546143,False
544,18.14589907604833,95.45366,True,True,0.9838292002677917,0.9684946537017822,169.1277723312378,False
545,18.17925550817342,95.488045,True,True,0.983697772026062,0.9672079086303711,168.65456867218018,False
546,18.21261194029851,95.53055,True,True,0.983435869216919,0.9657829403877258,167.89830017089844,False
547,18.245968372423597,95.57067,True,True,0.983269214630127,0.9644866585731506,166.99478816986084,False
548,18.279324804548686,95.58722,True,True,0.9830235838890076,0.9629658460617065,166.0477170944214,False
549,18.312681236673775,95.186455,True,True,0.9826053380966187,0.9610673189163208,164.885422706604,False
550,18.346037668798864,94.721924,True,True,0.9817949533462524,0.9580161571502686,163.28914165496826,False
551,18.379394100923953,94.49373,True,True,0.9816690683364868,0.9567357301712036,160.81263542175293,False
552,18.412750533049042,93.70451,True,True,0.9815009236335754,0.9561554789543152,158.9563274383545,False
553,18.446106965174128,93.04979,True,True,0.9812086820602417,0.9551448225975037,157.4669942855835,False
554,18.479463397299217,92.81418,True,True,0.9811553359031677,0.9546613693237305,155.27499103546143,False
555,18.512819829424306,92.47215,True,True,0.981138288974762,0.953689694404602,153.3150815963745,False
556,18.546176261549395,92.296165,True,True,0.980984091758728,0.9519602656364441,151.44312000274658,False
557,18.579532693674484,92.078964,True,True,0.9809437394142151,0.950944721698761,148.66595935821533,False
558,18.612889125799573,91.71251,True,True,0.9809850454330444,0.9500234723091125,146.71260452270508,False
559,18.64624555792466,91.45924,True,True,0.9813537001609802,0.9507867693901062,143.1352014541626,False
560,18.67960199004975,91.27549,True,True,0.9819861650466919,0.9530622363090515,140.26519775390625,False
561,18.71295842217484,90.90447,True,True,0.9826012253761292,0.9550455808639526,137.62833881378174,False
562,18.74631485429993,89.44998,True,True,0.982751727104187,0.9565206170082092,135.1026315689087,False
563,18.779671286425017,88.55546,True,True,0.9827339053153992,0.9574511051177979,133.25708198547363,False
564,18.813027718550106,87.096466,True,True,0.9820389151573181,0.9574223160743713,131.66967868804932,False
565,18.846384150675195,86.192276,True,True,0.9808754920959473,0.9563402533531189,131.05523300170898,False
566,18.879740582800284,86.31509,True,True,0.9794968366622925,0.9555697441101074,129.13254928588867,False
567,18.913097014925373,85.631134,True,True,0.9778625965118408,0.9543474316596985,129.9288091659546,False
568,18.946453447050462,84.41541,True,True,0.9765041470527649,0.9537339806556702,132.473295211792,False
569,18.97980987917555,83.74135,True,True,0.9754799008369446,0.9545328617095947,133.39030361175537,False
570,19.01316631130064,82.8737,True,True,0.974425733089447,0.9555720090866089,135.04433155059814,False
571,19.04652274342573,81.88582,True,True,0.9739423394203186,0.9570063352584839,136.96579837799072,False
572,19.07987917555082,81.8095,True,True,0.9731440544128418,0.9581043124198914,137.03087425231934,False
573,19.113235607675907,81.862885,True,True,0.972287654876709,0.9589113593101501,136.67833614349365,False
574,19.146592039800996,82.242905,True,True,0.9716530442237854,0.9600078463554382,135.79446029663086,False
575,19.179948471926085,81.91665,True,True,0.970470666885376,0.9605305194854736,136.24863624572754,False
576,19.213304904051174,81.620255,True,True,0.9692301154136658,0.9608539938926697,137.17623710632324,False
577,19.246661336176263,81.69742,True,True,0.9685221910476685,0.9612041115760803,136.9016628265381,False
578,19.28001776830135,81.519295,True,True,0.9674188494682312,0.9616692662239075,136.97984790802002,False
579,19.313374200426438,81.60727,True,True,0.9666457772254944,0.9618400931358337,136.70635223388672,False
580,19.346730632551527,81.6924,True,True,0.9656726717948914,0.9616327285766602,136.49016094207764,False
581,19.380087064676616,81.756775,True,True,0.9648545980453491,0.9616621732711792,136.34958267211914,False
582,19.413443496801705,81.56989,True,True,0.9637160301208496,0.9618957042694092,136.6385383605957,False
583,19.446799928926794,81.57823,True,True,0.9629844427108765,0.9624953866004944,136.6433506011963,False
584,19.480156361051883,81.246765,True,True,0.9622287750244141,0.9626405835151672,137.34159564971924,False
585,19.51351279317697,81.12306,True,True,0.9618073105812073,0.9627376794815063,137.68121814727783,False
586,19.54686922530206,80.84351,True,True,0.9611448049545288,0.9624021053314209,138.283052444458,False
587,19.58022565742715,80.92453,True,True,0.9604632258415222,0.9621891975402832,138.3030481338501,False
588,19.61358208955224,81.092606,True,True,0.959868311882019,0.9624601602554321,138.04055976867676,False
589,19.646938521677328,81.588165,True,True,0.9598168134689331,0.9624462127685547,137.77997970581055,False
590,19.680294953802417,81.75725,True,True,0.9596996307373047,0.9625347852706909,137.73442935943604,False
591,19.713651385927506,82.03392,True,True,0.959830641746521,0.9629843831062317,137.2318820953369,False
592,19.747007818052595,82.37416,True,True,0.9603825211524963,0.9640799164772034,136.6954002380371,False
593,19.780364250177684,82.66697,True,True,0.9609380960464478,0.9653390049934387,136.41526699066162,False
594,19.813720682302773,82.84297,True,True,0.9617713093757629,0.9666085839271545,136.33744144439697,False
595,19.84707711442786,83.016205,True,True,0.9628918766975403,0.9674593806266785,136.19196796417236,False
596,19.88043354655295,83.450874,True,True,0.9641506671905518,0.9678770899772644,135.59187602996826,False
597,19.91378997867804,83.77347,True,True,0.9651791453361511,0.9681122899055481,135.31110668182373,False
598,19.94714641080313,83.8723,True,True,0.9660818576812744,0.9682666063308716,135.25728702545166,False
599,19.980502842928217,83.8724,True,True,0.9666467308998108,0.9685490727424622,135.63856029510498,False
600,20.013859275053306,84.56995,True,True,0.967269778251648,0.9689748883247375,133.87487411499023,False
601,20.047215707178395,84.55974,True,True,0.9679765105247498,0.9694380164146423,133.8783311843872,False
602,20.080572139303484,84.96547,True,True,0.9689168930053711,0.9701230525970459,133.32868480682373,False
603,20.11392857142857,84.787186,True,True,0.969448983669281,0.9704961180686951,133.4246530532837,False
604,20.14728500355366,84.75876,True,True,0.9698391556739807,0.9705182909965515,133.5216999053955,False
605,20.180641435678748,84.85395,True,True,0.9701794981956482,0.9706369042396545,133.48342323303223,False
606,20.213997867803837,84.92275,True,True,0.9707549810409546,0.9707612991333008,133.4399471282959,False
607,20.247354299928926,84.71612,True,True,0.9709023833274841,0.9705018997192383,133.43129062652588,False
608,20.280710732054015,84.66668,True,True,0.9710416197776794,0.9703073501586914,133.78753471374512,False
609,20.314067164179104,84.88246,True,True,0.9712832570075989,0.9701818823814392,133.79937171936035,False
610,20.347423596304193,85.77902,True,True,0.9715403318405151,0.9703701734542847,133.0229139328003,False
611,20.38078002842928,85.93574,True,True,0.9715843796730042,0.9705396890640259,132.9787187576294,False
612,20.41413646055437,86.394775,True,True,0.971489429473877,0.970403254032135,132.24667739868164,False
613,20.44749289267946,86.332886,True,True,0.9716528654098511,0.9704537391662598,132.2469539642334,False
614,20.48084932480455,86.219406,True,True,0.9717141389846802,0.970682680606842,132.57952404022217,False
615,20.514205756929638,86.17123,True,True,0.9716354608535767,0.9709873199462891,132.69714736938477,False
616,20.547562189054727,86.35568,True,True,0.9712939262390137,0.9710066318511963,132.61589241027832,False
617,20.580918621179816,86.98569,True,True,0.9710972309112549,0.9712275862693787,131.61173820495605,False
618,20.614275053304905,87.72393,True,True,0.9714234471321106,0.9714771509170532,130.1144676208496,False
619,20.647631485429994,87.89606,True,True,0.9719594120979309,0.9717884659767151,129.85975074768066,False
620,20.680987917555083,87.8241,True,True,0.972288966178894,0.9714436531066895,130.02588367462158,False
621,20.71434434968017,87.20151,True,True,0.9726089239120483,0.9708786606788635,131.11273097991943,False
622,20.74770078180526,85.84678,True,True,0.9725697636604309,0.970047116279602,134.02026462554932,False
623,20.78105721393035,85.382355,True,True,0.973298966884613,0.9696642756462097,135.75659847259521,False
624,20.81441364605544,85.4173,True,True,0.9740336537361145,0.9692490696907043,136.43274593353271,False
625,20.847770078180528,85.54088,True,True,0.974375307559967,0.9692533612251282,136.52279567718506,False
626,20.881126510305617,85.58804,True,True,0.9749425053596497,0.9696797728538513,136.51790046691895,False
627,20.914482942430702,85.68183,True,True,0.9755600690841675,0.9699521660804749,136.4532117843628,False
628,20.94783937455579,85.76415,True,True,0.9761067628860474,0.9699305295944214,136.39593505859375,False
629,20.98119580668088,85.84417,True,True,0.976758599281311,0.970111608505249,136.31025505065918,False
630,21.01455223880597,86.313736,True,True,0.9772483110427856,0.9702585935592651,134.49194717407227,False
631,21.047908670931058,86.294174,True,True,0.9777035713195801,0.9706175923347473,134.61999702453613,False
632,21.081265103056147,86.75877,True,True,0.978121817111969,0.9709712862968445,133.63481521606445,False
633,21.114621535181236,86.64421,True,True,0.978516697883606,0.9715621471405029,133.58981800079346,False
634,21.147977967306325,86.466,True,True,0.9787395596504211,0.9720147848129272,134.11897087097168,False
635,21.181334399431414,86.24157,True,True,0.9789443016052246,0.9724982976913452,134.6334104537964,False
636,21.214690831556503,86.18534,True,True,0.9791027903556824,0.9730240702629089,134.81273555755615,False
637,21.248047263681592,86.18001,True,True,0.9792460799217224,0.9734757542610168,134.91412448883057,False
638,21.28140369580668,86.18654,True,True,0.9792717099189758,0.9737588763237,135.0168685913086,False
639,21.31476012793177,86.33545,True,True,0.9792739748954773,0.9740091562271118,135.16776275634766,False
640,21.34811656005686,86.55337,True,True,0.9794458150863647,0.9742035269737244,135.2884006500244,False
641,21.381472992181948,86.66332,True,True,0.9794076085090637,0.9741197228431702,135.38381576538086,False
642,21.414829424307037,86.67456,True,True,0.9794082045555115,0.9740771055221558,135.51095294952393,False
643,21.448185856432126,86.42392,True,True,0.9792106747627258,0.9739662408828735,136.17465496063232,False
644,21.481542288557215,86.19048,True,True,0.9792046546936035,0.9740670919418335,136.75248336791992,False
645,21.514898720682304,85.981384,True,True,0.9791595935821533,0.9741261005401611,137.39854049682617,False
646,21.548255152807393,85.920166,True,True,0.9792669415473938,0.9742717146873474,137.75298690795898,False
647,21.58161158493248,85.96179,True,True,0.9794156551361084,0.9745148420333862,137.7917890548706,False
648,21.61496801705757,86.17525,True,True,0.9795938730239868,0.97486811876297,137.54052925109863,False
649,21.64832444918266,86.241005,True,True,0.9797590374946594,0.9750888347625732,137.53718280792236,False
650,21.68168088130775,86.211845,True,True,0.9798877835273743,0.9752048254013062,137.78957653045654,False
651,21.715037313432838,86.259926,True,True,0.979928195476532,0.9753608703613281,137.78476428985596,False
652,21.748393745557923,86.16829,True,True,0.979999303817749,0.9755441546440125,138.0586748123169,False
653,21.781750177683012,86.106026,True,True,0.9799477458000183,0.9760341048240662,138.11924266815186,False
654,21.8151066098081,86.15144,True,True,0.9797936677932739,0.9761582016944885,137.99326705932617,False
655,21.84846304193319,86.29504,True,True,0.9797220826148987,0.9762935638427734,137.6619691848755,False
656,21.88181947405828,86.656265,True,True,0.979788601398468,0.976355254650116,136.86183738708496,False
657,21.915175906183368,86.98703,True,True,0.9800371527671814,0.9763734936714172,136.28046894073486,False
658,21.948532338308457,87.005356,True,True,0.980423629283905,0.9766424298286438,136.08018016815186,False
659,21.981888770433546,87.069824,True,True,0.9808234572410583,0.9768369793891907,135.8819932937622,False
660,22.015245202558635,87.1557,True,True,0.981227457523346,0.9772261381149292,135.6866273880005,False
661,22.048601634683724,87.17412,True,True,0.9816993474960327,0.9775911569595337,135.67857933044434,False
662,22.081958066808813,87.150085,True,True,0.9819971919059753,0.9780661463737488,135.80745887756348,False
663,22.115314498933902,87.10454,True,True,0.9821877479553223,0.9785729646682739,135.78057670593262,False
664,22.14867093105899,87.084625,True,True,0.9824425578117371,0.9789093136787415,135.63817310333252,False
665,22.18202736318408,87.2817,True,True,0.9825940728187561,0.9792168140411377,135.09582805633545,False
666,22.21538379530917,87.67888,True,True,0.9828131794929504,0.979363203048706,134.25852584838867,False
667,22.248740227434258,87.566376,True,True,0.9829904437065125,0.9795741438865662,134.27041816711426,False
668,22.282096659559347,87.491714,True,True,0.9831245541572571,0.9797207713127136,134.36837768554688,False
669,22.315453091684436,87.48561,True,True,0.9833290576934814,0.9798147678375244,134.41080284118652,False
670,22.348809523809525,87.51317,True,True,0.9835361242294312,0.9799400568008423,134.4306879043579,False
671,22.382165955934614,87.51018,True,True,0.9836635589599609,0.9800658226013184,134.51916122436523,False
672,22.415522388059703,87.548584,True,True,0.9836700558662415,0.979981005191803,134.5876111984253,False
673,22.44887882018479,87.39786,True,True,0.9836857318878174,0.9799764156341553,135.139967918396,False
674,22.48223525230988,87.15892,True,True,0.9836505651473999,0.979968249797821,135.60042190551758,False
675,22.51559168443497,87.117455,True,True,0.9836590886116028,0.9800041317939758,135.62832736968994,False
676,22.548948116560055,86.946365,True,True,0.9835659861564636,0.980161190032959,135.80336570739746,False
677,22.582304548685144,86.912125,True,True,0.9834088683128357,0.9801041483879089,135.79197120666504,False
678,22.615660980810233,86.827225,True,True,0.9834194779396057,0.9800554513931274,135.77496242523193,False
679,22.649017412935322,86.81915,True,True,0.9835295677185059,0.9799633622169495,135.64909744262695,False
680,22.68237384506041,87.27424,True,True,0.9835448861122131,0.9798616766929626,135.31896114349365,False
681,22.7157302771855,87.75864,True,True,0.9835864305496216,0.9796171188354492,134.682279586792,False
682,22.74908670931059,88.19342,True,True,0.9834944605827332,0.979531466960907,134.160400390625,False
683,22.782443141435678,88.6416,True,True,0.9832568764686584,0.9792836308479309,133.46478271484375,False
684,22.815799573560767,89.737045,True,True,0.9829351902008057,0.9789699912071228,130.72824954986572,False
685,22.849156005685856,90.471176,True,True,0.9829671382904053,0.9783887267112732,128.92432308197021,False
686,22.882512437810945,90.26912,True,True,0.982775866985321,0.9778956770896912,129.35239124298096,False
687,22.915868869936034,90.133835,True,True,0.9824448227882385,0.9774163365364075,129.61587524414062,False
688,22.949225302061123,89.80373,True,True,0.9820554256439209,0.9767876863479614,129.8611888885498,False
689,22.982581734186212,89.44374,True,True,0.9819052815437317,0.9764628410339355,130.12046909332275,False
690,23.0159381663113,89.27994,True,True,0.9817536473274231,0.9760890603065491,129.78842449188232,False
691,23.04929459843639,89.43485,True,True,0.9816760420799255,0.9759547710418701,129.44208145141602,False
692,23.08265103056148,89.62009,True,True,0.9818512797355652,0.9757565259933472,128.86972904205322,False
693,23.116007462686568,89.83466,True,True,0.9818037152290344,0.9751806259155273,128.3826141357422,False
694,23.149363894811657,90.01163,True,True,0.9815670251846313,0.9745894074440002,127.98986339569092,False
695,23.182720326936746,90.11575,True,True,0.9816334247589111,0.9742470979690552,127.69039821624756,False
696,23.216076759061835,90.1481,True,True,0.9818211793899536,0.974062979221344,127.45332622528076,False
697,23.249433191186924,90.25859,True,True,0.9820589423179626,0.9737564921379089,126.78710746765137,False
698,23.282789623312013,90.25203,True,True,0.9823030233383179,0.9737039804458618,126.49923038482666,False
699,23.316146055437102,90.36004,True,True,0.9825591444969177,0.973470151424408,126.0880880355835,False
700,23.34950248756219,90.552704,True,True,0.9827871918678284,0.9731064438819885,125.45511245727539,False
701,23.382858919687276,90.78944,True,True,0.983065664768219,0.9728338122367859,125.10641860961914,False
702,23.416215351812365,90.88316,True,True,0.9832370281219482,0.9726312756538391,125.17182636260986,False
703,23.449571783937454,90.82582,True,True,0.9833388328552246,0.9726446866989136,125.307785987854,False
704,23.482928216062543,90.71901,True,True,0.9834362268447876,0.9727804064750671,125.4910659790039,False
705,23.516284648187632,90.700134,True,True,0.9835122227668762,0.9727787375450134,125.4915361404419,False
706,23.54964108031272,90.689186,True,True,0.9835915565490723,0.9726227521896362,125.47167873382568,False
707,23.58299751243781,90.698654,True,True,0.9835817813873291,0.972452700138092,125.40671348571777,False
708,23.6163539445629,90.776566,True,True,0.9837149977684021,0.9724723100662231,125.2608528137207,False
709,23.649710376687988,90.74031,True,True,0.9836655855178833,0.9722649455070496,125.2341365814209,False
710,23.683066808813077,90.4563,True,True,0.983737587928772,0.9722850918769836,125.68925285339355,False
711,23.716423240938166,90.332825,True,True,0.9838142395019531,0.9724032878875732,125.94676303863525,False
712,23.749779673063255,90.27321,True,True,0.9837824106216431,0.9723369479179382,126.09854221343994,False
713,23.783136105188344,90.23625,True,True,0.9836858510971069,0.9724128842353821,126.22504329681396,False
714,23.816492537313433,90.24019,True,True,0.9836220145225525,0.9724999666213989,126.24791526794434,False
715,23.849848969438522,90.19438,True,True,0.9835482239723206,0.9727611541748047,126.3573522567749,False
716,23.88320540156361,90.17587,True,True,0.9834155440330505,0.9729437828063965,126.42403221130371,False
717,23.9165618336887,90.11203,True,True,0.983275830745697,0.9730985164642334,126.60576343536377,False
718,23.94991826581379,90.15657,True,True,0.9833394289016724,0.9733554720878601,126.60211277008057,False
719,23.983274697938878,90.156166,True,True,0.9833247661590576,0.9734811782836914,126.62899494171143,False
720,24.016631130063967,90.144394,True,True,0.9833127856254578,0.9735852479934692,126.65878105163574,False
721,24.049987562189056,90.140114,True,True,0.9833143353462219,0.973766028881073,126.69216251373291,False
722,24.083343994314145,90.14856,True,True,0.9833402037620544,0.9739602208137512,126.70704174041748,False
723,24.116700426439234,90.145615,True,True,0.9832417368888855,0.9740819931030273,126.74465465545654,False
724,24.150056858564323,90.11586,True,True,0.983147919178009,0.9741480946540833,126.88531589508057,False
725,24.183413290689412,89.4249,True,True,0.9828130602836609,0.9738179445266724,128.19695568084717,False
726,24.216769722814497,89.4268,True,True,0.9827185869216919,0.9736536145210266,128.1835422515869,False
727,24.250126154939586,89.61118,True,True,0.982794463634491,0.9737667441368103,127.8493127822876,False
728,24.283482587064675,89.51871,True,True,0.9827542304992676,0.9736807942390442,127.85608863830566,False
729,24.316839019189764,89.42984,True,True,0.9826462864875793,0.973444402217865,128.08450412750244,False
730,24.350195451314853,89.04545,True,True,0.9823123812675476,0.972979724407196,128.7433385848999,False
731,24.383551883439942,88.683235,True,True,0.9819808006286621,0.9727009534835815,129.49106121063232,False
732,24.41690831556503,88.67528,True,True,0.9819419384002686,0.9727018475532532,129.4665298461914,False
733,24.45026474769012,89.17131,True,True,0.9819619059562683,0.9724705815315247,128.6831579208374,False
734,24.48362117981521,89.490524,True,True,0.9821704030036926,0.9724066257476807,128.20162963867188,False
735,24.5169776119403,89.525894,True,True,0.9821240305900574,0.972196638584137,128.2144899368286,False
736,24.550334044065387,89.57004,True,True,0.9821923971176147,0.9721918106079102,128.18531227111816,False
737,24.583690476190476,89.668175,True,True,0.982339084148407,0.9721890091896057,128.04993343353271,False
738,24.617046908315565,89.82768,True,True,0.9825832843780518,0.9723424911499023,127.78241157531738,False
739,24.650403340440654,89.88628,True,True,0.9827243089675903,0.9723275303840637,127.72496891021729,False
740,24.683759772565743,89.83165,True,True,0.9825563430786133,0.9717728495597839,127.80121803283691,False
741,24.717116204690832,89.8206,True,True,0.9825983047485352,0.9714938998222351,127.81886291503906,False
742,24.75047263681592,89.81987,True,True,0.9825987815856934,0.9712101221084595,127.85451221466064,False
743,24.78382906894101,89.815216,True,True,0.9826309680938721,0.9710946083068848,127.87165927886963,False
744,24.8171855010661,89.79599,True,True,0.982734739780426,0.9711547493934631,127.8832197189331,False
745,24.850541933191188,89.79377,True,True,0.9828857183456421,0.9711888432502747,127.88797664642334,False
746,24.883898365316277,89.76407,True,True,0.9830830693244934,0.9713561534881592,127.93172931671143,False
747,24.917254797441366,89.72467,True,True,0.9832601547241211,0.9714900851249695,127.97750091552734,False
748,24.950611229566455,89.7303,True,True,0.98353111743927,0.9715762734413147,127.9651107788086,False
749,24.983967661691544,89.7322,True,True,0.9837197065353394,0.9715433120727539,127.95136547088623,False
750,25.01732409381663,89.7282,True,True,0.983889639377594,0.9716717600822449,127.9863510131836,False
751,25.05068052594172,89.74366,True,True,0.9840590357780457,0.9718247652053833,127.9877061843872,False
752,25.084036958066807,89.74652,True,True,0.9842496514320374,0.9721020460128784,128.01989841461182,False
753,25.117393390191896,89.75885,True,True,0.9844650626182556,0.9723163843154907,128.04622745513916,False
754,25.150749822316985,89.71565,True,True,0.9846072793006897,0.9725038409233093,128.13096714019775,False
755,25.184106254442074,89.70096,True,True,0.9847486019134521,0.9726014137268066,128.14285945892334,False
756,25.217462686567163,89.611755,True,True,0.9849182367324829,0.9727751612663269,128.2215976715088,False
757,25.250819118692252,89.50369,True,True,0.984929084777832,0.9728630185127258,128.30124855041504,False
758,25.28417555081734,89.50459,True,True,0.9849341511726379,0.9727996587753296,128.26100826263428,False
759,25.31753198294243,89.41292,True,True,0.9845986366271973,0.9722310304641724,128.2345962524414,False
760,25.35088841506752,89.47749,True,True,0.9842591881752014,0.9718323945999146,128.08207035064697,False
761,25.38424484719261,89.47281,True,True,0.9841938018798828,0.9718518257141113,128.08068752288818,False
762,25.417601279317697,89.57643,True,True,0.9843129515647888,0.9719021320343018,127.85954570770264,False
763,25.450957711442786,89.57899,True,True,0.9841976761817932,0.9718701243400574,127.83872032165527,False
764,25.484314143567875,89.611115,True,True,0.9839982986450195,0.9718151092529297,127.81169986724854,False
765,25.517670575692964,89.52667,True,True,0.983734130859375,0.9715994000434875,128.13223934173584,False
766,25.551027007818053,89.63505,True,True,0.9833478331565857,0.9711355566978455,127.906174659729,False
767,25.584383439943142,89.79946,True,True,0.9830092191696167,0.9708097577095032,127.58176326751709,False
768,25.61773987206823,89.83152,True,True,0.9827237725257874,0.9703748822212219,127.56486511230469,False
769,25.65109630419332,89.16671,True,True,0.9819391369819641,0.9697491526603699,128.81364154815674,False
770,25.68445273631841,89.255005,True,True,0.9815983772277832,0.9695128202438354,128.5919189453125,False
771,25.717809168443498,89.20218,True,True,0.9810133576393127,0.9689815044403076,128.81792831420898,False
772,25.751165600568587,89.23306,True,True,0.9806997179985046,0.9689181447029114,128.79829216003418,False
773,25.784522032693676,89.21798,True,True,0.9798994660377502,0.9686305522918701,128.8831148147583,False
774,25.817878464818765,89.22897,True,True,0.9793789982795715,0.9685744643211365,128.86195755004883,False
775,25.85123489694385,89.24037,True,True,0.9787515997886658,0.9684216976165771,128.8471336364746,False
776,25.88459132906894,89.21117,True,True,0.978146493434906,0.9681940674781799,128.93411350250244,False
777,25.91794776119403,89.20092,True,True,0.9776045083999634,0.9680176973342896,128.97747898101807,False
778,25.951304193319118,89.16504,True,True,0.9771893620491028,0.968004047870636,129.13177490234375,False
779,25.984660625444207,89.182526,True,True,0.9769192934036255,0.9679334759712219,129.13348960876465,False
780,26.018017057569296,89.20882,True,True,0.9768835306167603,0.9679796099662781,129.1432523727417,False
781,26.051373489694384,89.214066,True,True,0.9769899845123291,0.9683188796043396,129.14709663391113,False
782,26.084729921819473,89.21718,True,True,0.976899266242981,0.9685274362564087,129.14535427093506,False
783,26.118086353944562,89.21393,True,True,0.9767782688140869,0.9686700701713562,129.1454372406006,False
784,26.15144278606965,89.21658,True,True,0.9763407707214355,0.9683682918548584,129.14842414855957,False
785,26.18479921819474,89.21855,True,True,0.9760661721229553,0.9681580662727356,129.15024948120117,False
786,26.21815565031983,89.209335,True,True,0.9760345220565796,0.9683408141136169,129.16421604156494,False
787,26.25151208244492,89.20181,True,True,0.9759624600410461,0.9686060547828674,129.1924810409546,False
788,26.284868514570007,89.22014,True,True,0.9758270978927612,0.9687948226928711,129.19275760650635,False
789,26.318224946695096,89.17941,True,True,0.9758922457695007,0.9692100882530212,129.3144187927246,False
790,26.351581378820185,89.17177,True,True,0.9758602380752563,0.9694527387619019,129.37595462799072,False
791,26.384937810945274,88.96141,True,True,0.9756925106048584,0.9694191217422485,129.56330013275146,False
792,26.418294243070363,88.972534,True,True,0.975364625453949,0.9690254926681519,129.57190132141113,False
793,26.451650675195452,88.91608,True,True,0.9750576019287109,0.9688963294029236,129.60370635986328,False
794,26.48500710732054,88.95939,True,True,0.9747536778450012,0.9685875177383423,129.6122522354126,False
795,26.51836353944563,89.040054,True,True,0.9745175838470459,0.9685260653495789,129.56125354766846,False
796,26.55171997157072,89.09325,True,True,0.9747546315193176,0.9686557650566101,129.53680515289307,False
797,26.58507640369581,89.10237,True,True,0.9747126698493958,0.9686362147331238,129.53907299041748,False
798,26.618432835820897,89.13098,True,True,0.9748238325119019,0.9687404036521912,129.539626121521,False
799,26.651789267945983,89.43345,True,True,0.9748641848564148,0.968246340751648,128.722430229187,False
800,26.68514570007107,89.57518,True,True,0.9749486446380615,0.9679437875747681,128.29721069335938,False
801,26.71850213219616,89.83368,True,True,0.975242555141449,0.9680303931236267,127.69233417510986,False
802,26.75185856432125,89.920456,True,True,0.9756061434745789,0.9679331183433533,127.43440914154053,False
803,26.78521499644634,89.88732,True,True,0.9756698608398438,0.9674109816551208,127.4360408782959,False
804,26.818571428571428,89.88742,True,True,0.9761486053466797,0.9674099683761597,127.34521675109863,False
805,26.851927860696517,89.660034,True,True,0.9765254259109497,0.9677045941352844,127.92567253112793,False
806,26.885284292821606,89.44765,True,True,0.9768767356872559,0.9677781462669373,128.36944961547852,False
807,26.918640724946695,89.385635,True,True,0.9774236679077148,0.9676135778427124,128.27475357055664,False
808,26.951997157071784,89.46097,True,True,0.9781163930892944,0.9679750800132751,127.78412628173828,False
809,26.985353589196873,89.62807,True,True,0.9788945317268372,0.9685459733009338,127.21218872070312,False
810,27.01871002132196,89.77449,True,True,0.9793477058410645,0.9686968326568604,126.90415000915527,False
811,27.05206645344705,89.752594,True,True,0.9798744320869446,0.9686037302017212,126.92461585998535,False
812,27.08542288557214,89.631454,True,True,0.980046808719635,0.9681538343429565,127.16583633422852,False
813,27.11877931769723,89.11735,True,True,0.9802481532096863,0.9675589203834534,128.4915256500244,False
814,27.152135749822317,88.831665,True,True,0.9799219369888306,0.9664495587348938,129.40560245513916,False
815,27.185492181947406,88.755356,True,True,0.9791370034217834,0.9647669792175293,129.83043479919434,False
816,27.218848614072495,89.85588,True,True,0.9791106581687927,0.9650235772132874,131.41056442260742,False
817,27.252205046197584,94.04452,True,True,0.9788292050361633,0.9644120335578918,137.2915096282959,False
818,27.285561478322673,96.16347,True,True,0.9796963930130005,0.966176450252533,140.98460006713867,False
819,27.318917910447762,95.43335,True,True,0.9807935953140259,0.9686486124992371,143.7921552658081,False
820,27.35227434257285,96.018845,True,True,0.981924831867218,0.9709432721138,144.79802417755127,False
821,27.38563077469794,97.88869,True,True,0.9828966856002808,0.9728578329086304,145.41056156158447,False
822,27.41898720682303,98.47308,True,True,0.983120322227478,0.9740537405014038,146.37790489196777,False
823,27.45234363894812,98.84149,True,True,0.9838250875473022,0.9749971032142639,150.4110050201416,False
824,27.485700071073204,98.201035,True,True,0.9850223660469055,0.9762288928031921,151.73431587219238,False
825,27.519056503198293,97.836334,True,True,0.986220121383667,0.9771028161048889,152.74358654022217,False
826,27.55241293532338,97.79762,True,True,0.9873798489570618,0.977861762046814,154.27645111083984,False
827,27.58576936744847,97.828186,True,True,0.9883872270584106,0.9781879186630249,155.0282392501831,False
828,27.61912579957356,97.97267,True,True,0.9892962574958801,0.9785102605819702,157.15984058380127,False
829,27.65248223169865,98.675064,True,True,0.9901821613311768,0.9792611002922058,160.10573387145996,False
830,27.685838663823738,99.21109,True,True,0.9909262657165527,0.979724645614624,163.81436729431152,False
831,27.719195095948827,99.54656,True,True,0.9915356636047363,0.9798774719238281,166.51381301879883,False
832,27.752551528073916,99.981606,True,True,0.9919527769088745,0.979750394821167,169.7354974746704,False
833,27.785907960199005,100.339676,True,True,0.9923204183578491,0.979789137840271,171.71133708953857,False
834,27.819264392324094,100.42385,True,True,0.9925739765167236,0.9796456694602966,174.15023040771484,False
835,27.852620824449183,100.42337,True,True,0.9927352070808411,0.9793385863304138,175.57728099822998,False
836,27.88597725657427,100.2655,True,True,0.9929017424583435,0.9789774417877197,176.959002494812,False
837,27.91933368869936,100.1844,True,True,0.9931480884552002,0.9790571331977844,177.5389051437378,False
838,27.95269012082445,100.10453,True,True,0.9933475852012634,0.9790142774581909,178.35156536102295,False
839,27.98604655294954,100.05539,True,True,0.9934741854667664,0.9787909984588623,178.34559154510498,False
840,28.019402985074628,100.010864,True,True,0.9936411380767822,0.9788120985031128,178.60583972930908,False
841,28.052759417199717,100.0357,True,True,0.993725061416626,0.9786016345024109,178.6777467727661,False
842,28.086115849324806,100.06894,True,True,0.993813693523407,0.978344202041626,178.4485845565796,False
843,28.119472281449895,100.05413,True,True,0.9938774108886719,0.9780433773994446,178.30167293548584,False
844,28.152828713574984,100.06979,True,True,0.9939438104629517,0.9777643084526062,178.276837348938,False
845,28.186185145700072,100.106865,True,True,0.9939699172973633,0.9774712920188904,178.24284744262695,False
846,28.21954157782516,100.11438,True,True,0.9940031170845032,0.9772468209266663,178.29730319976807,False
847,28.25289800995025,100.14992,True,True,0.9940134882926941,0.9769867062568665,178.39636898040771,False
848,28.286254442075336,100.20055,True,True,0.9941133856773376,0.9769721031188965,178.42839527130127,False
849,28.319610874200425,100.2082,True,True,0.9941355586051941,0.9767944812774658,178.43973445892334,False
850,28.352967306325514,100.25223,True,True,0.9941315650939941,0.9765409231185913,178.3169116973877,False
851,28.386323738450603,100.35653,True,True,0.9941656589508057,0.976686418056488,177.88624382019043,False
852,28.419680170575692,100.4331,True,True,0.9941827058792114,0.97701495885849,177.43754386901855,False
853,28.45303660270078,100.48184,True,True,0.9942297339439392,0.9773803353309631,177.19518947601318,False
854,28.48639303482587,100.520935,True,True,0.9942921996116638,0.9777519106864929,177.15027523040771,False
855,28.51974946695096,100.50925,True,True,0.9943580031394958,0.9780750274658203,177.06276988983154,False
856,28.553105899076048,100.48604,True,True,0.9944435358047485,0.9783578515052795,176.96558475494385,False
857,28.586462331201137,100.441666,True,True,0.9945345520973206,0.9786651730537415,176.8359031677246,False
858,28.619818763326226,100.46126,True,True,0.9946012496948242,0.9791461229324341,176.69291877746582,False
859,28.653175195451315,100.43857,True,True,0.9946625232696533,0.9794887900352478,176.5368528366089,False
860,28.686531627576404,100.38811,True,True,0.9947270750999451,0.9798974394798279,176.4863796234131,False
861,28.719888059701493,100.34325,True,True,0.9948102235794067,0.9803096055984497,176.47578716278076,False
862,28.75324449182658,100.30464,True,True,0.9949180483818054,0.9807791709899902,176.52933025360107,False
863,28.78660092395167,100.25055,True,True,0.9950170516967773,0.9812151789665222,176.58370304107666,False
864,28.81995735607676,100.203445,True,True,0.9950949549674988,0.9816111326217651,176.59866523742676,False
865,28.85331378820185,100.18522,True,True,0.995167076587677,0.9819385409355164,176.596342086792,False
866,28.886670220326938,100.132324,True,True,0.9952167868614197,0.9820650219917297,176.58395195007324,False
867,28.920026652452027,100.119736,True,True,0.9952675104141235,0.9822114706039429,176.51699542999268,False
868,28.953383084577116,100.097534,True,True,0.9953295588493347,0.9823737144470215,176.38913917541504,False
869,28.986739516702205,100.14301,True,True,0.9953392148017883,0.9823996424674988,176.3832483291626,False
870,29.020095948827294,100.132645,True,True,0.9953169822692871,0.9822860360145569,176.42608833312988,False
871,29.053452380952383,100.13153,True,True,0.9952928423881531,0.9823289513587952,176.44243335723877,False
872,29.08680881307747,100.108604,True,True,0.995347261428833,0.9827000498771667,176.34381008148193,False
873,29.120165245202557,100.08342,True,True,0.9953175783157349,0.9829030632972717,176.3520793914795,False
874,29.153521677327646,100.05803,True,True,0.9952118992805481,0.9827393293380737,176.1890163421631,False
875,29.186878109452735,99.89366,True,True,0.9950171709060669,0.9822953939437866,176.3666820526123,False
876,29.220234541577824,99.64401,True,True,0.9948171377182007,0.9817854762077332,176.5220012664795,False
877,29.253590973702913,99.53735,True,True,0.9946398735046387,0.9812549352645874,176.51749324798584,False
878,29.286947405828002,99.42945,True,True,0.9946490526199341,0.9814857840538025,176.50676250457764,False
879,29.32030383795309,99.27539,True,True,0.9945738911628723,0.9815539121627808,176.48861980438232,False
880,29.35366027007818,99.15254,True,True,0.9944494366645813,0.9815877676010132,179.81385040283203,False
881,29.38701670220327,98.69509,True,True,0.9943547248840332,0.9816707372665405,182.79016590118408,False
882,29.420373134328358,98.34721,True,True,0.994249701499939,0.9817101359367371,186.28204107284546,False
883,29.453729566453447,98.193985,True,True,0.9942207932472229,0.9821463823318481,190.95572233200073,False
884,29.487085998578536,98.007385,True,True,0.9942561984062195,0.982780933380127,195.08224630355835,False
885,29.520442430703625,97.73598,True,True,0.9944270253181458,0.9836253523826599,199.19816398620605,False
886,29.553798862828714,97.53644,True,True,0.9945424199104309,0.9842807650566101,205.47304916381836,False
887,29.587155294953803,97.59895,True,True,0.9947813749313354,0.9853577613830566,208.68936824798584,False
888,29.620511727078892,97.35145,True,True,0.9949877858161926,0.986251711845398,213.07732963562012,False
889,29.65386815920398,96.815475,True,True,0.9951629042625427,0.9869734644889832,217.4128818511963,False
890,29.68722459132907,95.94403,True,True,0.9953969717025757,0.987774670124054,222.44298696517944,False
891,29.72058102345416,94.612305,True,True,0.99565190076828,0.9885465502738953,226.73982000350952,False
892,29.753937455579248,93.4135,True,True,0.9958532452583313,0.989295482635498,230.45977878570557,False
893,29.787293887704337,92.18553,True,True,0.9960197806358337,0.9900057911872864,233.7568826675415,False
894,29.820650319829426,90.71107,True,True,0.9961914420127869,0.9906947016716003,236.6915888786316,False
895,29.854006751954515,89.29879,True,True,0.9962891340255737,0.9912687540054321,238.42875242233276,False
896,29.887363184079604,87.60086,True,True,0.996333658695221,0.9918357729911804,240.22871017456055,False
897,29.920719616204693,84.54816,True,True,0.9964525103569031,0.9924123287200928,241.25575017929077,False
898,29.954076048329778,80.640854,True,True,0.9965626001358032,0.9929880499839783,242.80425453186035,False
899,29.987432480454867,79.019,True,True,0.9966307282447815,0.9934894442558289,243.0461664199829,False
900,30.020788912579956,79.47468,True,True,0.9966754913330078,0.9939044117927551,242.90237998962402,False
901,30.054145344705045,79.74296,True,True,0.9966462850570679,0.9943381547927856,241.99675226211548,False
902,30.087501776830134,79.284546,True,True,0.9963155388832092,0.9946560263633728,241.02773571014404,False
903,30.120858208955223,78.29771,True,True,0.9958627820014954,0.9948285222053528,240.9704451560974,False
904,30.154214641080312,77.44351,True,True,0.9955074191093445,0.9950228333473206,240.65038967132568,False
905,30.1875710732054,76.7209,True,True,0.9949102997779846,0.9949834942817688,242.44182920455933,False
906,30.22092750533049,76.074646,True,True,0.9943243265151978,0.9947964549064636,242.84196424484253,False
907,30.25428393745558,75.855316,True,True,0.9939400553703308,0.9945225119590759,243.42136907577515,False
908,30.287640369580668,75.32916,True,True,0.9936574101448059,0.9938230514526367,245.47525548934937,False
909,30.320996801705757,74.24216,True,True,0.9935297966003418,0.993152379989624,249.37220239639282,False
910,30.354353233830846,72.75978,True,True,0.9935165047645569,0.9928427934646606,250.68767261505127,False
911,30.387709665955935,70.812614,True,True,0.9935193657875061,0.9926489591598511,254.1448941230774,False
912,30.421066098081024,68.11295,True,True,0.9935486912727356,0.9926307201385498,256.832350730896,False
913,30.454422530206113,64.58461,True,True,0.9935469627380371,0.9926303625106812,260.0126609802246,False
914,30.487778962331202,59.39154,True,True,0.993672788143158,0.9925886392593384,263.6255750656128,False
915,30.52113539445629,55.332623,True,True,0.993803858757019,0.9928563833236694,265.39711570739746,False
916,30.55449182658138,50.71866,True,True,0.9939230680465698,0.9932550191879272,267.49338579177856,False
917,30.58784825870647,47.169456,True,True,0.9934468269348145,0.9936325550079346,268.12694215774536,False
918,30.621204690831558,44.74228,True,True,0.9929265975952148,0.9940140843391418,268.85701990127563,False
919,30.654561122956647,44.155716,True,True,0.9925243258476257,0.9943952560424805,269.54185152053833,False
920,30.687917555081736,44.073402,True,True,0.992239773273468,0.9947493672370911,270.3169541358948,False
921,30.721273987206825,43.21295,True,True,0.9923620820045471,0.9951596260070801,270.7509822845459,False
922,30.75463041933191,42.956657,True,True,0.9925484657287598,0.9955287575721741,272.42869806289673,False
923,30.787986851457,41.184914,True,True,0.9926553964614868,0.9958712458610535,273.46462965011597,False
924,30.821343283582088,39.365746,True,True,0.9927762746810913,0.9961511492729187,274.7748312950134,False
925,30.854699715707177,36.775383,True,True,0.9927372336387634,0.9963433146476746,277.9965572357178,False
926,30.888056147832266,33.48217,True,True,0.9928030371665955,0.9965216517448425,281.1888151168823,False
927,30.921412579957355,29.648941,True,True,0.9930183291435242,0.9966831803321838,283.59840631484985,False
928,30.954769012082444,27.280106,True,True,0.9932340383529663,0.996830403804779,284.5503726005554,False
929,30.988125444207533,24.001083,True,True,0.993446946144104,0.9969339370727539,285.6066732406616,False
930,31.021481876332622,20.534767,True,True,0.9936914443969727,0.9969643354415894,284.83298110961914,False
931,31.05483830845771,18.600548,True,True,0.9938428997993469,0.9968773722648621,284.4050512313843,False
932,31.0881947405828,16.912651,True,True,0.993816077709198,0.9966208934783936,284.4837341308594,False
933,31.12155117270789,16.542015,True,True,0.9936667084693909,0.9963713884353638,284.3917622566223,False
934,31.154907604832978,16.771172,True,True,0.9936854243278503,0.9961979389190674,284.56415939331055,False
935,31.188264036958067,17.044456,True,True,0.9937840700149536,0.9961222410202026,284.6001543998718,False
936,31.221620469083156,16.982086,True,True,0.9939145445823669,0.9960997104644775,284.7580318450928,False
937,31.254976901208245,16.928047,True,True,0.9940547347068787,0.9960631728172302,284.8615503311157,False
