frame_idx,time_sec,left_shoulder_flexion_deg,right_shoulder_flexion_deg,left_knee_valid,right_knee_valid,left_knee_vis_min,right_knee_vis_min,subject_bbox_h_px,is_clipped
0,0.0,7.274484,1.7524531,True,False,0.7131987810134888,0.10737626254558563,260.3726110458374,False
1,0.03335836909871245,7.024035,5.8647118,True,False,0.7291637063026428,0.1264718621969223,273.33014965057373,True
2,0.0667167381974249,6.860155,7.768697,True,False,0.7458266019821167,0.14421185851097107,280.24460649490356,True
3,0.10007510729613735,6.632824,8.397582,True,False,0.761591374874115,0.16074328124523163,285.68166399002075,True
4,0.1334334763948498,6.5366006,8.482857,True,False,0.776001513004303,0.17340028285980225,293.09941482543945,True
5,0.16679184549356224,6.4432983,8.744914,True,False,0.7876307964324951,0.18579040467739105,291.2027974128723,True
6,0.2001502145922747,6.3650713,8.682336,True,False,0.7967345714569092,0.19459475576877594,295.294322013855,True
7,0.23350858369098712,6.325395,8.85246,True,False,0.8031880259513855,0.19978107511997223,295.98888874053955,True
8,0.2668669527896996,6.1721563,9.164267,True,False,0.8056973218917847,0.20270892977714539,297.20508575439453,True
9,0.300225321888412,5.997701,9.243118,True,False,0.8108159303665161,0.20833970606327057,297.63820123672485,True
10,0.3335836909871245,5.823929,9.424708,True,False,0.8150352835655212,0.21288464963436127,296.75456047058105,True
11,0.3669420600858369,5.7505703,9.596834,True,False,0.816962480545044,0.21507005393505096,297.30235385894775,True
12,0.4003004291845494,5.694262,9.731528,True,False,0.8202768564224243,0.2185872346162796,296.65235567092896,True
13,0.4336587982832618,5.6684933,9.733084,True,False,0.8234589099884033,0.2212122678756714,296.1557822227478,True
14,0.46701716738197424,5.62974,9.745095,True,False,0.8249773383140564,0.2234003245830536,296.1134123802185,True
15,0.5003755364806867,5.6273723,9.867609,True,False,0.8249404430389404,0.22370558977127075,297.5511107444763,True
16,0.5337339055793991,5.6196356,9.910719,True,False,0.8272114992141724,0.22603543102741241,297.5559368133545,True
17,0.5670922746781116,5.6334643,9.9077425,True,False,0.8289375901222229,0.22798965871334076,297.3421654701233,True
18,0.600450643776824,5.6566906,9.911751,True,False,0.8312516808509827,0.2320118099451065,297.0713109970093,True
19,0.6338090128755365,5.659081,9.897992,True,False,0.833893358707428,0.2361014038324356,296.85665464401245,True
20,0.667167381974249,5.676889,9.877945,True,False,0.8356845378875732,0.2381892055273056,296.71974086761475,True
21,0.7005257510729614,5.676647,9.890778,True,False,0.8379328846931458,0.24161751568317413,296.53254747390747,True
22,0.7338841201716738,5.6795464,9.894574,True,False,0.8405973315238953,0.24521656334400177,296.45148611068726,True
23,0.7672424892703863,5.686409,9.900336,True,False,0.8428090810775757,0.2479339838027954,296.43049478530884,True
24,0.8006008583690988,5.6862025,9.911077,True,False,0.8447411060333252,0.25079628825187683,296.3842668533325,True
25,0.8339592274678111,5.6807885,9.934046,True,False,0.8461681008338928,0.2530863285064697,296.2119526863098,True
26,0.8673175965665236,5.6818237,9.963321,True,False,0.8478720188140869,0.25464001297950745,295.86761474609375,True
27,0.9006759656652361,5.669184,9.974526,True,False,0.8481094241142273,0.25363966822624207,295.82718086242676,True
28,0.9340343347639485,5.6404176,9.879101,True,False,0.8489806056022644,0.25314921140670776,295.83402585983276,True
29,0.967392703862661,5.6331162,9.745297,True,False,0.847129762172699,0.24963881075382233,295.8826599121094,True
30,1.0007510729613733,5.5573535,9.698399,True,False,0.8503345251083374,0.25131621956825256,295.9738712310791,True
31,1.0341094420600858,5.494796,9.662085,True,False,0.8520790338516235,0.25258761644363403,295.8952989578247,True
32,1.0674678111587983,5.4128714,9.636168,True,False,0.8542977571487427,0.2550755739212036,295.86786365509033,True
33,1.1008261802575108,5.3843412,9.642796,True,False,0.8560256958007812,0.2576100826263428,295.48345136642456,True
34,1.1341845493562233,5.3665147,9.650989,True,False,0.8568774461746216,0.25832125544548035,295.22139167785645,True
35,1.1675429184549357,5.340086,9.666478,True,False,0.8591595888137817,0.26058751344680786,295.011990070343,True
36,1.200901287553648,5.306737,9.696593,True,False,0.8609496355056763,0.26223286986351013,294.67108154296875,True
37,1.2342596566523605,5.2967577,9.708286,True,False,0.8633730411529541,0.2643078863620758,294.7547287940979,True
38,1.267618025751073,5.2939825,9.782491,True,False,0.8664567470550537,0.2674737870693207,294.75616693496704,True
39,1.3009763948497854,5.290761,9.837292,True,False,0.8697207570075989,0.27148836851119995,294.695903301239,True
40,1.334334763948498,5.3095794,9.8869,True,False,0.8704454898834229,0.2712048292160034,294.63693952560425,True
41,1.3676931330472104,5.326676,9.891811,True,False,0.8711386919021606,0.2714367210865021,294.6884775161743,True
42,1.401051502145923,5.328625,9.909152,True,False,0.8709444403648376,0.2695123255252838,295.1522364616394,True
43,1.4344098712446351,5.316181,9.933867,True,False,0.8721262812614441,0.26979556679725647,295.1574635505676,True
44,1.4677682403433476,5.3150015,9.967011,True,False,0.8740320205688477,0.2713967561721802,295.55815172195435,True
45,1.5011266094420601,5.2956476,9.953486,True,False,0.8739603161811829,0.27031537890434265,295.53599882125854,True
46,1.5344849785407726,5.323143,9.886521,True,False,0.8734315633773804,0.26881229877471924,295.5038757324219,True
47,1.567843347639485,5.343644,9.73898,True,False,0.8720993399620056,0.26680493354797363,295.4445939064026,True
48,1.6012017167381976,5.3514495,9.566963,True,False,0.8677455186843872,0.25955909490585327,295.55006217956543,True
49,1.6345600858369098,5.2299705,9.382006,True,False,0.8636436462402344,0.2530063986778259,295.5206217765808,True
50,1.6679184549356223,5.055282,9.221642,True,False,0.8576744794845581,0.24564050137996674,294.1522445678711,True
51,1.7012768240343348,4.584753,9.122013,True,False,0.8570151925086975,0.24157586693763733,294.113995552063,True
52,1.7346351931330473,4.101932,9.0201845,True,False,0.8543631434440613,0.23600172996520996,293.1101179122925,True
53,1.7679935622317597,3.5171378,8.890813,True,False,0.8526701927185059,0.2304224818944931,293.11347818374634,True
54,1.8013519313304722,2.955388,8.504775,True,False,0.8531569242477417,0.22665315866470337,292.5406279563904,True
55,1.8347103004291847,2.6259954,8.101278,True,False,0.8515985608100891,0.22209076583385468,292.39059114456177,True
56,1.868068669527897,2.3104594,7.7151046,True,False,0.8499768972396851,0.21752163767814636,292.3972840309143,True
57,1.9014270386266094,2.0931215,7.688246,True,False,0.8473309874534607,0.21363671123981476,292.3703603744507,True
58,1.934785407725322,1.8713712,7.362099,True,False,0.843961238861084,0.20862245559692383,292.90721559524536,True
59,1.9681437768240344,1.6715206,7.3264346,True,False,0.845225989818573,0.20820501446723938,292.7668170928955,True
60,2.0015021459227467,1.5988762,7.4008026,True,False,0.8424059152603149,0.20496021211147308,293.1642417907715,True
61,2.0348605150214594,1.5364603,7.439675,True,False,0.8372258543968201,0.19971883296966553,293.56158351898193,True
62,2.0682188841201716,1.5083091,7.544858,True,False,0.8278236985206604,0.19252386689186096,293.8988137245178,True
63,2.1015772532188843,1.4805481,7.552033,True,False,0.8204095363616943,0.18626832962036133,294.12818336486816,True
64,2.1349356223175966,1.5012866,7.583539,True,False,0.8122345209121704,0.18017719686031342,294.1209511756897,True
65,2.1682939914163093,1.512067,7.7633643,True,False,0.8015811443328857,0.1737554967403412,294.16347312927246,True
66,2.2016523605150216,1.5414196,7.927067,True,False,0.7957088947296143,0.17012731730937958,293.9882273674011,True
67,2.235010729613734,1.60535,7.9668603,True,False,0.7893508672714233,0.16630829870700836,293.9619951248169,True
68,2.2683690987124465,1.6043745,7.968757,True,False,0.7858969569206238,0.16404306888580322,293.72839403152466,True
69,2.301727467811159,1.6472261,8.074917,True,False,0.779411792755127,0.159828320145607,293.7228488922119,True
70,2.3350858369098715,1.6615393,8.188082,True,False,0.7752638459205627,0.1561519056558609,293.89946365356445,True
71,2.3684442060085837,1.6956981,8.343532,True,False,0.7720380425453186,0.15361393988132477,293.86750650405884,True
72,2.401802575107296,1.7601417,8.375338,True,False,0.7671629786491394,0.14982466399669647,294.166072845459,True
73,2.4351609442060087,1.8094835,8.371914,True,False,0.7655220031738281,0.14754530787467957,294.26021575927734,True
74,2.468519313304721,1.8951684,8.375948,True,False,0.7669095993041992,0.1480645388364792,294.2202935218811,True
75,2.5018776824034337,2.0328803,8.38354,True,False,0.7711040377616882,0.15117278695106506,294.07614755630493,True
76,2.535236051502146,2.259494,8.51117,True,False,0.7723977565765381,0.15258271992206573,293.9983911514282,True
77,2.5685944206008586,2.5295615,8.544839,True,False,0.7700392007827759,0.15146766602993011,293.9625897407532,True
78,2.601952789699571,2.8882563,8.551065,True,False,0.7741010189056396,0.15479056537151337,293.70979499816895,True
79,2.635311158798283,3.1191638,8.538424,True,False,0.7753472328186035,0.15584294497966766,293.6902141571045,True
80,2.668669527896996,3.1855514,8.524543,True,False,0.7775332927703857,0.15821728110313416,293.4953598976135,True
81,2.702027896995708,3.2675247,8.517766,True,False,0.7768521904945374,0.15878069400787354,292.69426012039185,True
82,2.735386266094421,3.324076,8.515829,True,False,0.7755745649337769,0.15865172445774078,292.6555685997009,True
83,2.768744635193133,3.4565504,8.505352,True,False,0.7719303965568542,0.1573079526424408,292.6497745513916,True
84,2.802103004291846,3.508108,8.544815,True,False,0.7680862545967102,0.15656426548957825,292.6510190963745,True
85,2.835461373390558,3.5640874,8.545827,True,False,0.7629667520523071,0.15505723655223846,292.8409366607666,True
86,2.8688197424892703,3.6253643,8.525809,True,False,0.7594715356826782,0.1542859971523285,293.0466046333313,True
87,2.902178111587983,3.6770074,8.513247,True,False,0.7563458681106567,0.153034970164299,293.125771522522,True
88,2.9355364806866953,3.716152,8.512507,True,False,0.7469916343688965,0.14902128279209137,293.6415662765503,True
89,2.968894849785408,3.7406776,8.563091,True,False,0.74275141954422,0.1468459814786911,293.46372079849243,True
90,3.0022532188841202,3.752072,8.570199,True,False,0.7366623282432556,0.14423751831054688,293.3347306251526,True
91,3.035611587982833,3.7554102,8.592788,True,False,0.7292726039886475,0.141484797000885,293.3443412780762,True
92,3.068969957081545,3.7563486,8.612104,True,False,0.724824070930481,0.13918441534042358,293.47215604782104,True
93,3.1023283261802574,3.7565053,8.621791,True,False,0.7203922271728516,0.13709110021591187,293.4542760848999,True
94,3.13568669527897,3.7382166,8.643337,True,False,0.7149643898010254,0.13467636704444885,294.0494451522827,True
95,3.1690450643776824,3.730456,8.657233,True,False,0.7088132500648499,0.13185757398605347,294.17284870147705,True
96,3.202403433476395,3.723048,8.676746,True,False,0.7038462162017822,0.13014031946659088,294.17741203308105,True
97,3.2357618025751074,3.716099,8.680979,True,False,0.702714204788208,0.12955747544765472,293.9923620223999,True
98,3.2691201716738196,3.7146764,8.69888,True,False,0.6955564618110657,0.12713727355003357,293.98911237716675,True
99,3.3024785407725323,3.7622867,8.7074795,True,False,0.6961792707443237,0.1277020126581192,294.0148329734802,True
100,3.3358369098712446,3.8719645,8.707796,True,False,0.6959526538848877,0.12709155678749084,293.74519538879395,True
101,3.3691952789699573,3.980494,8.691923,True,False,0.6976868510246277,0.12752316892147064,293.74338388442993,True
102,3.4025536480686696,4.174294,8.664265,True,False,0.6989142298698425,0.12794549763202667,293.7089376449585,True
103,3.4359120171673823,4.3680735,8.657824,True,False,0.7001917958259583,0.12925924360752106,293.7077898979187,True
104,3.4692703862660945,4.496884,8.656145,True,False,0.6970651745796204,0.12849505245685577,293.81439208984375,True
105,3.502628755364807,4.6194425,8.6620655,True,False,0.694738507270813,0.12821750342845917,294.3123068809509,True
106,3.5359871244635195,4.698404,8.666033,True,False,0.6917421221733093,0.12684471905231476,295.4011039733887,True
107,3.5693454935622317,4.80966,8.674642,True,False,0.6927399635314941,0.12692806124687195,296.31352138519287,True
108,3.6027038626609444,4.955747,8.815947,True,False,0.6898635029792786,0.12449940294027328,297.2592787742615,True
109,3.6360622317596567,5.0998497,8.959405,True,False,0.6892001032829285,0.1234067752957344,297.4350085258484,True
110,3.6694206008583694,5.33502,9.054058,True,False,0.6848028898239136,0.12151508778333664,297.832848072052,True
111,3.7027789699570817,5.8067393,9.100252,True,False,0.6814964413642883,0.12108220905065536,297.98869276046753,True
112,3.736137339055794,6.4801683,9.028306,True,False,0.6746753454208374,0.11973487585783005,297.94571447372437,True
113,3.7694957081545066,7.459509,9.019292,True,False,0.6664662957191467,0.11812204867601395,297.958948135376,True
114,3.802854077253219,8.446502,9.051411,True,False,0.6546459197998047,0.11528418213129044,298.8802709579468,True
115,3.8362124463519316,9.430025,9.141273,True,False,0.6421605348587036,0.11195027828216553,300.32383251190186,True
116,3.869570815450644,10.827601,9.28582,True,False,0.6335726380348206,0.11007365584373474,300.6837134361267,True
117,3.9029291845493566,12.131899,9.342012,True,False,0.6270574331283569,0.10955353826284409,301.037371635437,True
118,3.936287553648069,13.903795,9.270697,True,False,0.6226316094398499,0.10945294052362442,300.9360795021057,True
119,3.969645922746781,15.334609,9.185235,True,False,0.6227002143859863,0.11062397807836533,300.576060295105,True
120,4.003004291845493,17.169199,9.234503,True,False,0.6262217164039612,0.11404800415039062,299.76142263412476,True
121,4.0363626609442065,18.779451,9.324724,True,False,0.6289942860603333,0.11727418005466461,298.93363428115845,True
122,4.069721030042919,20.8639,9.381733,True,False,0.633217453956604,0.12136843800544739,298.46748304367065,True
123,4.103079399141631,22.445986,9.453135,True,False,0.6332863569259644,0.12346556782722473,298.04060411453247,True
124,4.136437768240343,23.883675,9.538792,True,False,0.6344423890113831,0.12570185959339142,296.4627561569214,True
125,4.1697961373390555,25.941338,9.714886,True,False,0.6328775882720947,0.12665531039237976,296.6300230026245,True
126,4.203154506437769,27.952871,9.843805,True,False,0.6333591938018799,0.128637433052063,296.7189664840698,True
127,4.236512875536481,29.919174,9.9186325,True,False,0.6358689069747925,0.1311335265636444,296.99824237823486,True
128,4.269871244635193,31.923466,9.993299,True,False,0.6371466517448425,0.13356523215770721,297.6211371421814,True
129,4.3032296137339054,33.92785,10.1095085,True,False,0.6387255787849426,0.13637875020503998,298.039345741272,True
130,4.336587982832619,36.221073,10.214458,True,False,0.6455779671669006,0.14081375300884247,298.2575283050537,True
131,4.369946351931331,38.170555,10.346781,True,False,0.6559544205665588,0.14834600687026978,298.63168001174927,True
132,4.403304721030043,40.3884,10.403877,True,False,0.6647892594337463,0.15417985618114471,298.72513151168823,True
133,4.436663090128755,43.678524,10.452235,True,False,0.6722489595413208,0.15664413571357727,298.7872066497803,True
134,4.470021459227468,47.08384,10.487567,True,False,0.6731876730918884,0.15523141622543335,298.797785282135,True
135,4.503379828326181,51.38535,10.456112,True,False,0.6757100820541382,0.15418675541877747,298.6075773239136,True
136,4.536738197424893,54.91759,10.38601,True,False,0.6783425211906433,0.15368440747261047,298.46419191360474,True
137,4.570096566523605,58.99069,10.400795,True,False,0.679168701171875,0.15129774808883667,298.5205006599426,True
138,4.603454935622318,63.45707,10.4259615,True,False,0.6817119717597961,0.1486298143863678,298.49635648727417,True
139,4.63681330472103,68.413475,10.414953,True,False,0.6778523325920105,0.14416003227233887,298.4796242713928,True
140,4.670171673819743,73.553764,10.357367,True,False,0.6719549894332886,0.1398807168006897,297.8589005470276,True
141,4.703530042918455,78.13688,10.300874,True,False,0.6587725281715393,0.13372264802455902,297.3781328201294,True
142,4.7368884120171675,82.42069,10.330625,True,False,0.6536875367164612,0.13026180863380432,297.27938508987427,True
143,4.77024678111588,86.10977,10.369686,True,False,0.6506315469741821,0.1280279904603958,297.1438817977905,True
144,4.803605150214592,91.227715,10.356379,True,False,0.6525783538818359,0.1293550431728363,296.7721223831177,True
145,4.836963519313305,96.72992,10.387299,True,False,0.6530359983444214,0.1297582983970642,296.2870817184448,True
146,4.870321888412017,100.54654,10.419033,True,False,0.6469308137893677,0.12852716445922852,295.5411567687988,True
147,4.90368025751073,104.40194,10.391806,True,False,0.6448092460632324,0.12860235571861267,294.3492007255554,True
148,4.937038626609442,107.79766,10.377539,True,False,0.647079348564148,0.13066604733467102,293.99872303009033,True
149,4.970396995708155,110.47731,10.371204,True,False,0.6491571068763733,0.13175903260707855,293.9776487350464,True
150,5.003755364806867,113.06757,10.353472,True,False,0.6488892436027527,0.13127641379833221,294.0594291687012,True
151,5.03711373390558,116.84831,10.375472,True,False,0.6570919752120972,0.1340479552745819,294.19147539138794,True
152,5.070472103004292,119.28788,10.458747,True,False,0.6643121242523193,0.13689199090003967,297.8761444091797,True
153,5.103830472103004,121.42927,10.468976,True,False,0.6715962290763855,0.13874848186969757,301.12479400634766,True
154,5.137188841201717,122.95261,10.49415,True,False,0.678886890411377,0.14184708893299103,302.71631813049316,True
155,5.1705472103004295,125.05124,10.513465,True,False,0.6903229355812073,0.14755882322788239,305.76910400390625,True
156,5.203905579399142,127.12768,10.492369,True,False,0.69541996717453,0.15014946460723877,307.72207164764404,True
157,5.237263948497854,128.96634,10.485446,True,False,0.6971586346626282,0.1508788764476776,309.52978706359863,True
158,5.270622317596566,131.23334,10.484621,True,False,0.7001527547836304,0.1522195041179657,313.5863952636719,True
159,5.3039806866952794,132.5866,10.485841,True,False,0.7017375230789185,0.15415309369564056,316.1884069442749,True
160,5.337339055793992,134.0739,10.47001,True,False,0.6978150606155396,0.15370520949363708,318.28153800964355,True
161,5.370697424892704,136.2515,10.480529,True,False,0.6987231969833374,0.15519969165325165,321.7241430282593,True
162,5.404055793991416,137.3421,10.482462,True,False,0.6975252032279968,0.15395551919937134,324.45867109298706,True
163,5.4374141630901285,139.37929,10.48081,True,False,0.6977126002311707,0.15425336360931396,329.25099897384644,True
164,5.470772532188842,140.60585,10.484959,True,False,0.6954199075698853,0.15431329607963562,332.1981782913208,True
165,5.504130901287554,142.41365,10.5351715,True,False,0.6890803575515747,0.15337179601192474,337.24746322631836,True
166,5.537489270386266,143.32988,10.568218,True,False,0.6805949807167053,0.15341323614120483,339.50988006591797,True
167,5.570847639484978,144.48448,10.551577,True,False,0.6795819997787476,0.1560518890619278,342.8137459754944,True
168,5.604206008583692,145.34343,10.488298,True,False,0.6750954985618591,0.15672867000102997,345.5261764526367,True
169,5.637564377682404,146.23924,10.474501,True,False,0.6793033480644226,0.16211125254631042,347.79224395751953,True
170,5.670922746781116,147.24878,10.436166,True,False,0.6777545213699341,0.16303688287734985,350.7814750671387,True
171,5.704281115879828,148.50438,10.376761,True,False,0.6707821488380432,0.16062486171722412,354.45515060424805,True
172,5.737639484978541,150.50716,10.286063,True,False,0.6663436889648438,0.1602935492992401,357.465829372406,True
173,5.770997854077254,151.6037,10.206347,True,False,0.6638076305389404,0.16089706122875214,358.5695610046387,True
174,5.804356223175966,152.6515,10.01182,True,False,0.6580155491828918,0.1592617928981781,360.6076693534851,True
175,5.837714592274678,154.12454,9.887974,True,False,0.6527796983718872,0.15765897929668427,363.97695684432983,True
176,5.8710729613733905,155.37584,9.787596,True,False,0.6504104733467102,0.15732020139694214,364.44102001190186,True
177,5.904431330472103,156.54997,9.70468,True,False,0.6554891467094421,0.1616978496313095,363.98616647720337,True
178,5.937789699570816,157.64178,9.752073,True,False,0.6605268120765686,0.16770008206367493,351.9832491874695,True
179,5.971148068669528,158.55728,9.781949,True,False,0.6627257466316223,0.17195731401443481,352.6568937301636,True
180,6.0045064377682404,159.39407,9.881787,True,False,0.6665970087051392,0.1756606101989746,349.07682180404663,True
181,6.037864806866953,160.14684,9.930858,True,False,0.6681134700775146,0.17915882170200348,361.24524974823,True
182,6.071223175965666,160.61337,10.006083,True,False,0.6615073084831238,0.17746151983737946,362.1569619178772,True
183,6.104581545064378,161.1711,10.114838,True,False,0.6536567807197571,0.17381180822849274,364.35517406463623,True
184,6.13793991416309,161.68378,10.185822,True,False,0.6468877196311951,0.1713513284921646,370.6707835197449,True
185,6.171298283261803,162.39743,10.258696,True,False,0.6501900553703308,0.17197512090206146,374.7495722770691,True
186,6.204656652360515,163.05249,10.318887,True,False,0.6570510268211365,0.1737833470106125,375.68714332580566,True
187,6.238015021459228,163.716,10.361468,True,False,0.669238269329071,0.1796255260705948,375.4144911766052,True
188,6.27137339055794,164.55948,10.400151,True,False,0.6794216632843018,0.18429556488990784,375.95756912231445,True
189,6.304731759656653,165.18704,10.368529,True,False,0.6899608969688416,0.19112426042556763,376.3423824310303,True
190,6.338090128755365,165.76892,10.35974,True,False,0.7005102038383484,0.19770339131355286,376.5075750350952,True
191,6.371448497854077,166.38176,10.308644,True,False,0.7119430899620056,0.20594382286071777,376.69003915786743,True
192,6.40480686695279,166.98529,10.300913,True,False,0.7227298021316528,0.2144356071949005,377.27277660369873,True
193,6.4381652360515025,167.48972,10.258945,True,False,0.7308245301246643,0.22055964171886444,377.6566219329834,True
194,6.471523605150215,167.95311,10.204825,True,False,0.7378631234169006,0.22772842645645142,378.9622948169708,True
195,6.504881974248927,168.35208,10.200815,True,False,0.7469826936721802,0.23831462860107422,379.1823856830597,True
196,6.538240343347639,168.57779,10.229142,True,False,0.7563881874084473,0.24664540588855743,379.0464813709259,True
197,6.571598712446352,168.86597,10.332453,True,False,0.7652801871299744,0.2561904191970825,379.25309658050537,True
198,6.604957081545065,169.2072,10.375244,True,False,0.7719151377677917,0.2629583775997162,380.2042124271393,True
199,6.638315450643777,169.33287,10.386938,True,False,0.7809638381004333,0.272928386926651,380.4007122516632,True
200,6.671673819742489,169.44295,10.36536,True,False,0.790202796459198,0.28150516748428345,380.68308568000793,True
201,6.705032188841202,169.62735,10.332605,True,False,0.7975667715072632,0.28716158866882324,381.77809858322144,True
202,6.738390557939915,169.81377,10.419656,True,False,0.8040145635604858,0.2930787205696106,382.66458106040955,True
203,6.771748927038627,170.08664,10.510919,True,False,0.8122831583023071,0.3020704686641693,382.84566926956177,True
204,6.805107296137339,170.44511,10.587213,True,False,0.8205927610397339,0.31551244854927063,380.8062334060669,True
205,6.838465665236051,170.60081,10.654861,True,False,0.8262782692909241,0.3225224018096924,380.61339807510376,True
206,6.8718240343347645,170.93477,10.676101,True,False,0.8317707777023315,0.32890769839286804,379.83244609832764,True
207,6.905182403433477,171.22572,10.716249,True,False,0.8346671462059021,0.33162811398506165,376.19258761405945,True
208,6.938540772532189,171.40933,10.738542,True,False,0.8381711840629578,0.33449122309684753,375.5338637828827,True
209,6.971899141630901,171.70958,10.807167,True,False,0.840681254863739,0.33479318022727966,375.33237886428833,True
210,7.005257510729614,172.06038,10.81798,True,False,0.844038188457489,0.33583956956863403,375.38247179985046,True
211,7.038615879828327,172.59785,10.812993,True,False,0.8479339480400085,0.33822861313819885,377.1627380847931,True
212,7.071974248927039,172.8538,10.831945,True,False,0.8507065176963806,0.33984529972076416,379.0367670059204,True
213,7.105332618025751,173.11655,10.819272,True,False,0.8540076017379761,0.3417683243751526,379.7953863143921,True
214,7.1386909871244635,173.18771,10.728034,True,False,0.8582230806350708,0.3459138572216034,381.8514368534088,True
215,7.172049356223176,173.27899,10.713238,True,False,0.8625113368034363,0.34962669014930725,381.75490856170654,True
216,7.205407725321889,173.47453,10.710095,True,False,0.8665034174919128,0.3553110659122467,381.6951081752777,True
217,7.238766094420601,173.46591,10.690175,True,False,0.8703656196594238,0.3599158823490143,381.6512656211853,True
218,7.272124463519313,173.5252,10.641,True,False,0.8744820952415466,0.3666086196899414,381.56509470939636,True
219,7.305482832618026,173.69664,10.565443,True,False,0.8779057860374451,0.37272536754608154,381.6558566093445,True
220,7.338841201716739,173.88104,10.560898,True,False,0.8802281618118286,0.3770565688610077,381.77170991897583,True
221,7.372199570815451,174.08383,10.538178,True,False,0.8820379972457886,0.3775705397129059,382.04804730415344,True
222,7.405557939914163,174.2253,10.535023,True,False,0.883428692817688,0.3782748878002167,382.27938747406006,True
223,7.438916309012876,174.41,10.525474,True,False,0.8844388127326965,0.3782608211040497,382.2875807285309,True
224,7.472274678111588,174.66957,10.528932,True,False,0.8863151669502258,0.3799271881580353,382.1175343990326,True
225,7.505633047210301,174.90529,10.512903,True,False,0.8884355425834656,0.3813899755477905,382.60174536705017,True
226,7.538991416309013,175.05647,10.495163,True,False,0.8896293044090271,0.3792858123779297,383.0911211967468,True
227,7.5723497854077255,175.06934,10.476943,True,False,0.891343355178833,0.3784685432910919,383.30496168136597,True
228,7.605708154506438,175.06897,10.464972,True,False,0.8915927410125732,0.37493693828582764,383.46291518211365,True
229,7.63906652360515,175.09222,10.45504,True,False,0.8916130065917969,0.3707720935344696,384.12341594696045,True
230,7.672424892703863,175.1187,10.460365,True,False,0.8930524587631226,0.3699339032173157,384.37199306488037,True
231,7.7057832618025754,175.15692,10.458502,True,False,0.8947594165802002,0.3699324429035187,385.0111291408539,True
232,7.739141630901288,175.21298,10.480303,True,False,0.8961009979248047,0.36998069286346436,385.23315596580505,True
233,7.7725,175.30931,10.486309,True,False,0.897161066532135,0.37176698446273804,385.5787661075592,True
234,7.805858369098713,175.41058,10.477131,True,False,0.898084282875061,0.3701747953891754,386.0292844772339,True
235,7.839216738197425,175.50575,10.47805,True,False,0.8986091017723083,0.36708101630210876,386.90633606910706,True
236,7.872575107296138,175.54797,10.486798,True,False,0.8986847996711731,0.36468806862831116,386.97350692749023,True
237,7.90593347639485,175.43605,10.447774,True,False,0.8989406228065491,0.37084123492240906,387.22016191482544,True
238,7.939291845493562,175.43283,10.416125,True,False,0.8999783992767334,0.375978022813797,387.4559962749481,True
239,7.972650214592275,175.45157,10.310286,True,False,0.9006079435348511,0.3794252574443817,387.37227988243103,True
240,8.006008583690987,175.53053,10.213631,True,False,0.9013396501541138,0.3824937343597412,387.2003252506256,True
241,8.039366952789699,175.6221,10.091593,True,False,0.9020975232124329,0.3864081799983978,386.86283922195435,True
242,8.072725321888413,175.75677,10.099444,True,False,0.9029656052589417,0.38814353942871094,386.80800318717957,True
243,8.106083690987125,175.92233,10.074486,True,False,0.9033752679824829,0.38766852021217346,386.5502233505249,True
244,8.139442060085837,176.00737,9.961169,True,False,0.9034371972084045,0.38701683282852173,385.6903603076935,True
245,8.17280042918455,176.05046,9.898429,True,False,0.9032412767410278,0.3842916190624237,385.9193012714386,True
246,8.206158798283262,176.06819,9.834513,True,False,0.9010472893714905,0.3785475492477417,386.02772188186646,True
247,8.239517167381974,176.06482,9.7359915,True,False,0.8997229933738708,0.37559330463409424,386.85949969291687,True
248,8.272875536480687,176.06706,9.682086,True,False,0.8973507881164551,0.37071704864501953,386.9120817184448,True
249,8.306233905579399,176.08662,9.592307,True,False,0.8975493311882019,0.3708394169807434,386.9247553348541,True
250,8.339592274678111,176.10638,9.597572,True,False,0.8969380855560303,0.37187039852142334,386.9177029132843,True
251,8.372950643776825,176.14304,9.613618,True,False,0.8966202139854431,0.3712148666381836,386.6758394241333,True
252,8.406309012875537,176.24088,9.61464,True,False,0.898320198059082,0.3725196123123169,386.4805564880371,True
253,8.43966738197425,176.37598,9.593229,True,False,0.9014097452163696,0.3777782618999481,386.3106415271759,True
254,8.473025751072962,176.56891,9.558185,True,False,0.9039486050605774,0.3831210136413574,386.1818587779999,True
255,8.506384120171674,176.7171,9.58833,True,False,0.9061718583106995,0.3873273432254791,386.663601398468,True
256,8.539742489270386,177.0826,9.595135,True,False,0.9069594740867615,0.38857486844062805,386.66414761543274,True
257,8.573100858369099,177.30644,9.571113,True,False,0.9094327688217163,0.39288103580474854,386.3477289676666,True
258,8.606459227467811,177.4524,9.569839,True,False,0.9112405180931091,0.39562201499938965,385.29576349258423,True
259,8.639817596566523,177.55727,9.583674,True,False,0.9128108620643616,0.39701876044273376,384.5227904319763,True
260,8.673175965665237,177.72186,9.602712,True,False,0.9144988656044006,0.39727386832237244,383.9134612083435,True
261,8.70653433476395,177.84286,9.605025,True,False,0.9150341749191284,0.39422500133514404,383.8868556022644,True
262,8.739892703862662,177.93349,9.608074,True,False,0.9154148101806641,0.39339447021484375,377.5655903816223,True
263,8.773251072961374,178.00334,9.596221,True,False,0.916153609752655,0.3910661041736603,365.8390243053436,True
264,8.806609442060086,178.09114,9.598945,True,False,0.916485607624054,0.3888983428478241,365.1060080528259,True
265,8.839967811158798,178.0972,9.612841,True,False,0.9171892404556274,0.3868679106235504,367.3526883125305,True
266,8.87332618025751,178.09125,9.496927,True,False,0.9168327450752258,0.38126131892204285,374.9922516345978,True
267,8.906684549356223,178.10039,9.512625,True,False,0.9168897867202759,0.378432035446167,380.3870015144348,True
268,8.940042918454935,178.11362,9.535535,True,False,0.9171454906463623,0.37709882855415344,381.2378830909729,True
269,8.973401287553648,178.11517,9.460492,True,False,0.9175311923027039,0.37906500697135925,381.26669430732727,True
270,9.006759656652362,178.11247,9.264037,True,False,0.9162436127662659,0.37561672925949097,381.30598735809326,True
271,9.040118025751074,178.10349,9.276778,True,False,0.9156132340431213,0.3751598596572876,381.3154458999634,True
272,9.073476394849786,178.1793,9.317702,True,False,0.9152454137802124,0.37547874450683594,381.15489959716797,True
273,9.106834763948498,178.34897,9.372678,True,False,0.9155626893043518,0.37738537788391113,380.94733023643494,True
274,9.14019313304721,178.5511,9.381461,True,False,0.9163210988044739,0.3770815134048462,381.90975069999695,True
275,9.173551502145923,178.79099,9.387492,True,False,0.9164578914642334,0.37716975808143616,382.4669404029846,True
276,9.206909871244635,178.90068,9.391847,True,False,0.9162272810935974,0.3764570951461792,382.72626209259033,True
277,9.240268240343347,178.90334,9.403997,True,False,0.9159902334213257,0.3754383325576782,382.78834414482117,True
278,9.27362660944206,178.9028,9.43786,True,False,0.915161669254303,0.3748894929885864,382.7535660266876,True
279,9.306984978540774,178.8904,9.468779,True,False,0.9145175814628601,0.3740417957305908,382.73695826530457,True
280,9.340343347639486,178.8934,9.483796,True,False,0.914237916469574,0.37134289741516113,382.65519857406616,True
281,9.373701716738198,178.89677,9.511902,True,False,0.9136505722999573,0.36852729320526123,382.43468594551086,True
282,9.40706008583691,178.8998,9.545034,True,False,0.9131829142570496,0.3651971220970154,382.5568034648895,True
283,9.440418454935623,178.89606,9.571154,True,False,0.9140163064002991,0.36356237530708313,382.7186496257782,True
284,9.473776824034335,178.88792,9.572715,True,False,0.9140551686286926,0.3629852831363678,382.691041469574,True
285,9.507135193133047,178.98259,9.587161,True,False,0.9139994978904724,0.3620555102825165,383.2208857536316,True
286,9.54049356223176,179.06937,9.595032,True,False,0.9140284657478333,0.36312034726142883,383.5238564014435,True
287,9.573851931330472,179.22392,9.579653,True,False,0.9136862754821777,0.36223506927490234,384.05718541145325,True
288,9.607210300429184,179.37598,9.557466,True,False,0.9137943983078003,0.36159461736679077,384.2008681297302,True
289,9.640568669527898,179.49216,9.510021,True,False,0.914417564868927,0.3631572127342224,384.27527809143066,True
290,9.67392703862661,179.69609,9.480002,True,False,0.9152780175209045,0.3628811240196228,384.9935395717621,True
291,9.707285407725323,179.88635,9.443626,True,False,0.9164304733276367,0.3645660877227783,385.6866543292999,True
292,9.740643776824035,179.85872,9.439234,True,False,0.9166969060897827,0.36394819617271423,385.91366624832153,True
293,9.774002145922747,179.69673,9.42644,True,False,0.9171295166015625,0.3636648952960968,386.32473254203796,True
294,9.80736051502146,179.56299,9.415528,True,False,0.9170755743980408,0.36154094338417053,386.7289607524872,True
295,9.840718884120172,179.43697,9.409055,True,False,0.9164197444915771,0.35841506719589233,386.7846403121948,True
296,9.874077253218884,179.39284,9.441732,True,False,0.9171501994132996,0.35915297269821167,386.3098464012146,True
297,9.907435622317596,179.36664,9.472597,True,False,0.9175015687942505,0.36054930090904236,385.87093687057495,True
298,9.94079399141631,179.33736,9.477327,True,False,0.9175391793251038,0.36040908098220825,385.8978397846222,True
299,9.974152360515022,179.26112,9.474797,True,False,0.9176347255706787,0.3588234484195709,386.17242097854614,True
300,10.007510729613735,179.20277,9.471,True,False,0.9172143340110779,0.35788750648498535,386.1632390022278,True
301,10.040869098712447,179.17528,9.462985,True,False,0.9174181222915649,0.35839608311653137,385.6920750141144,True
302,10.07422746781116,179.12889,9.446041,True,False,0.9167444109916687,0.3563147783279419,385.634072303772,True
303,10.107585836909871,179.11728,9.472286,True,False,0.9156187772750854,0.35347306728363037,385.619677066803,True
304,10.140944206008584,179.11617,9.463899,True,False,0.9153310060501099,0.3528139889240265,385.6809916496277,True
305,10.174302575107296,179.10255,9.500425,True,False,0.9153416156768799,0.35327979922294617,385.85154271125793,True
306,10.207660944206008,179.09776,9.495168,True,False,0.9157593250274658,0.35461539030075073,386.0153248310089,True
307,10.24101931330472,179.09647,9.485475,True,False,0.9150325655937195,0.3528188467025757,386.1814715862274,True
308,10.274377682403435,179.06058,9.546351,True,False,0.9144309759140015,0.34990641474723816,386.39361119270325,True
309,10.307736051502147,179.02902,9.659175,True,False,0.9134462475776672,0.3456439673900604,386.80334305763245,True
310,10.341094420600859,179.00731,9.786913,True,False,0.9106078147888184,0.33847320079803467,387.22348070144653,True
311,10.374452789699571,178.98701,9.862146,True,False,0.9090490937232971,0.334490031003952,387.44738817214966,True
312,10.407811158798284,178.9389,9.860471,True,False,0.9071068167686462,0.3295525312423706,387.46074628829956,True
313,10.441169527896996,178.90015,9.889147,True,False,0.9051958918571472,0.32587185502052307,387.6428439617157,True
314,10.474527896995708,178.86029,9.864538,True,False,0.903967559337616,0.3218785226345062,387.74293994903564,True
315,10.50788626609442,178.79486,9.831693,True,False,0.903127133846283,0.318652480840683,387.82193398475647,True
316,10.541244635193133,178.7468,9.794323,True,False,0.902904748916626,0.31569620966911316,387.60610914230347,True
317,10.574603004291847,178.7325,9.791151,True,False,0.9021591544151306,0.31205224990844727,387.39408707618713,True
318,10.607961373390559,178.7302,9.787173,True,False,0.9028747081756592,0.3112538456916809,386.64573526382446,True
319,10.641319742489271,178.73282,9.826072,True,False,0.9040493369102478,0.3142782747745514,385.80584716796875,True
320,10.674678111587983,178.72711,9.875378,True,False,0.90565025806427,0.31964829564094543,385.5359330177307,True
321,10.708036480686696,178.72144,9.925886,True,False,0.9071754813194275,0.32413968443870544,385.5888123512268,True
322,10.741394849785408,178.74835,9.940636,True,False,0.9070355892181396,0.32536083459854126,385.26112365722656,True
323,10.77475321888412,178.75761,9.9603,True,False,0.9070404767990112,0.3271489143371582,384.8610854148865,True
324,10.808111587982832,178.77315,9.947103,True,False,0.906975507736206,0.3288559913635254,384.2396910190582,True
325,10.841469957081545,178.7947,9.723362,True,False,0.9049436450004578,0.3284481167793274,383.11679339408875,True
326,10.874828326180257,178.86908,9.5729,True,False,0.9058853387832642,0.33228856325149536,382.8540699481964,True
327,10.908186695278971,178.95825,9.542583,True,False,0.9068360924720764,0.3360583484172821,382.6880753040314,True
328,10.941545064377683,178.95581,9.521858,True,False,0.9075851440429688,0.3384813368320465,382.4885263442993,True
329,10.974903433476396,179.0498,9.501273,True,False,0.9085304737091064,0.3405051827430725,382.54193806648254,True
330,11.008261802575108,179.16676,9.529286,True,False,0.9082791805267334,0.34141865372657776,382.3913550376892,True
331,11.04162017167382,179.26007,9.520598,True,False,0.9079166054725647,0.3414405584335327,381.282776594162,True
332,11.074978540772532,179.30225,9.51246,True,False,0.9085509777069092,0.34394872188568115,381.1638741493225,True
333,11.108336909871245,179.35776,9.484024,True,False,0.9080570936203003,0.3451111316680908,381.05098700523376,True
334,11.141695278969957,179.41582,9.480438,True,False,0.9085841178894043,0.3486813008785248,380.63762521743774,True
335,11.175053648068669,179.50742,9.481496,True,False,0.9078564643859863,0.3500736653804779,380.6907949447632,True
336,11.208412017167383,179.56387,9.433672,True,False,0.9088540077209473,0.35528483986854553,380.7390556335449,True
337,11.241770386266095,179.69737,9.391826,True,False,0.9096291065216064,0.35966426134109497,380.7433907985687,True
338,11.275128755364808,179.85461,9.329233,True,False,0.9098070859909058,0.3618049919605255,380.8857944011688,True
339,11.30848712446352,179.94064,9.305038,True,False,0.9101094603538513,0.36399564146995544,380.93726325035095,True
340,11.341845493562232,179.93439,9.262616,True,False,0.9093332886695862,0.3644505739212036,381.33305621147156,True
341,11.375203862660944,179.85063,9.259221,True,False,0.9091379642486572,0.3654320538043976,381.44622683525085,True
342,11.408562231759657,179.76675,9.200861,True,False,0.9093500375747681,0.36838653683662415,381.5725758075714,True
343,11.441920600858369,179.70325,9.176759,True,False,0.909801721572876,0.3741445243358612,381.7081482410431,True
344,11.475278969957081,179.60933,9.165168,True,False,0.9098060727119446,0.37693923711776733,381.6437499523163,True
345,11.508637339055793,179.4766,9.163152,True,False,0.9095215797424316,0.3758481740951538,381.63989186286926,True
346,11.541995708154507,179.41048,9.183587,True,False,0.9098843932151794,0.3777872920036316,381.0182900428772,True
347,11.57535407725322,179.38039,9.264165,True,False,0.9108766913414001,0.3794790804386139,381.3108549118042,True
348,11.608712446351932,179.36203,9.248624,True,False,0.9111586809158325,0.38345909118652344,381.3813445568085,True
349,11.642070815450644,179.33089,9.251959,True,False,0.9119749069213867,0.3878386616706848,381.41346073150635,True
350,11.675429184549357,179.31557,9.270229,True,False,0.9123170375823975,0.39203476905822754,381.3456745147705,True
351,11.708787553648069,179.30197,9.277371,True,False,0.913337230682373,0.3937359154224396,381.64688205718994,True
352,11.742145922746781,179.28563,9.32502,True,False,0.9145825505256653,0.3950386345386505,381.9383614063263,True
353,11.775504291845493,179.28207,9.382864,True,False,0.9150781631469727,0.3969801962375641,381.8248658180237,True
354,11.808862660944206,179.26991,9.471041,True,False,0.9155492186546326,0.4005912244319916,381.83426213264465,True
355,11.84222103004292,179.2598,9.536772,True,False,0.9147968888282776,0.40473809838294983,378.81208515167236,True
356,11.875579399141632,179.25479,9.599805,True,False,0.9150708913803101,0.40896207094192505,378.4493832588196,True
357,11.908937768240344,179.24695,9.62684,True,False,0.9143602848052979,0.4085797667503357,378.3687090873718,True
358,11.942296137339056,179.24023,9.65722,True,False,0.9134873747825623,0.41043826937675476,378.1624879837036,True
359,11.975654506437769,179.23076,9.678898,True,False,0.9126029014587402,0.41007426381111145,378.0803964138031,True
360,12.009012875536481,179.22417,9.708265,True,False,0.9114681482315063,0.40865933895111084,377.99984669685364,True
361,12.042371244635193,179.2018,9.740979,True,False,0.9110991954803467,0.40953171253204346,377.9940595626831,True
362,12.075729613733905,179.18459,9.739545,True,False,0.913091242313385,0.41261351108551025,378.13831615448,True
363,12.109087982832618,179.11684,9.744934,True,False,0.9141125082969666,0.41666480898857117,378.37050676345825,True
364,12.142446351931332,179.04898,9.781426,True,False,0.9150748252868652,0.4204046130180359,378.09198451042175,True
365,12.175804721030044,179.00279,9.786229,True,False,0.9155020713806152,0.42248690128326416,378.2103199958801,True
366,12.209163090128756,178.88388,9.783134,True,False,0.9165431261062622,0.42652252316474915,378.2669606208801,True
367,12.242521459227468,178.83937,9.776258,True,False,0.9168501496315002,0.4279942214488983,378.5586543083191,True
368,12.27587982832618,178.76471,9.761022,True,False,0.9172286987304688,0.42619869112968445,378.846088886261,True
369,12.309238197424893,178.57603,9.802751,True,False,0.9188941717147827,0.42441117763519287,379.2757887840271,True
370,12.342596566523605,178.09566,9.911077,True,False,0.9195177555084229,0.42109501361846924,380.2671310901642,True
371,12.375954935622318,177.18942,10.039676,True,False,0.918454110622406,0.41452834010124207,381.2670331001282,True
372,12.40931330472103,176.50082,10.091145,True,False,0.9180945158004761,0.41395989060401917,381.2347786426544,True
373,12.442671673819742,175.73294,10.176412,True,False,0.9180161356925964,0.41440466046333313,381.18185782432556,True
374,12.476030042918456,174.99272,10.24659,True,False,0.9174678325653076,0.41409021615982056,380.98680305480957,True
375,12.509388412017168,174.47925,10.311659,True,False,0.9150578379631042,0.41285982728004456,379.63066387176514,True
376,12.54274678111588,174.40146,10.364183,True,False,0.9132463335990906,0.411722868680954,379.73844838142395,True
377,12.576105150214593,173.80513,10.404955,True,False,0.9113326072692871,0.40791258215904236,380.41185092926025,True
378,12.609463519313305,173.44054,10.363975,True,False,0.9094575047492981,0.3995291590690613,381.779757976532,True
379,12.642821888412017,172.92189,10.420789,True,False,0.9070753455162048,0.39097318053245544,382.0615575313568,True
380,12.67618025751073,172.28755,10.399905,True,False,0.9055983424186707,0.38597947359085083,382.11859917640686,True
381,12.709538626609442,171.56602,10.393641,True,False,0.9038634300231934,0.38249409198760986,381.78755021095276,True
382,12.742896995708154,170.92422,10.403196,True,False,0.902549684047699,0.38363826274871826,380.6926963329315,True
383,12.776255364806868,170.57532,10.386218,True,False,0.9017800092697144,0.3848932981491089,380.32973170280457,True
384,12.80961373390558,170.26396,10.333271,True,False,0.900763988494873,0.38993901014328003,381.0579426288605,True
385,12.842972103004293,169.93614,10.268989,True,False,0.9002227187156677,0.39385777711868286,380.1564702987671,True
386,12.876330472103005,169.5121,10.307881,True,False,0.8979774117469788,0.3957374393939972,378.5522518157959,True
387,12.909688841201717,169.08643,10.329501,True,False,0.8950740694999695,0.3913653492927551,379.17033433914185,True
388,12.94304721030043,168.64943,10.318907,True,False,0.8923706412315369,0.3856029510498047,380.2313573360443,True
389,12.976405579399142,168.096,10.328454,True,False,0.8877122402191162,0.37986814975738525,381.10217928886414,True
390,13.009763948497854,167.58023,10.333119,True,False,0.8839325308799744,0.3772839605808258,381.15444326400757,True
391,13.043122317596566,166.96208,10.4405775,True,False,0.8806966543197632,0.3739702105522156,380.2829921245575,True
392,13.076480686695279,166.1664,10.560004,True,False,0.8771278262138367,0.37230929732322693,381.8178617954254,True
393,13.109839055793993,165.53108,10.694795,True,False,0.8741265535354614,0.37032222747802734,381.6312007904053,True
394,13.143197424892705,164.73924,10.773548,True,False,0.871124804019928,0.3715283274650574,380.9926869869232,True
395,13.176555793991417,163.92273,10.768668,True,False,0.8695601224899292,0.37236833572387695,379.1965665817261,True
396,13.20991416309013,163.1678,10.773255,True,False,0.8664143085479736,0.36986851692199707,378.52180194854736,True
397,13.243272532188842,161.6146,10.7687235,True,False,0.8613706231117249,0.36214199662208557,378.07769298553467,True
398,13.276630901287554,159.7608,10.7805605,True,False,0.8570103049278259,0.3556292653083801,376.3827610015869,True
399,13.309989270386266,157.64362,10.708864,True,False,0.853887140750885,0.34888267517089844,373.31021451950073,True
400,13.343347639484978,155.51173,10.708515,True,False,0.8509171009063721,0.34390315413475037,369.78924465179443,True
401,13.37670600858369,153.46935,10.712961,True,False,0.8488636016845703,0.3432619273662567,366.0587763786316,True
402,13.410064377682405,150.86806,10.717848,True,False,0.84685218334198,0.33968138694763184,363.01608514785767,True
403,13.443422746781117,148.44397,10.691777,True,False,0.8441521525382996,0.33655574917793274,360.99177742004395,True
404,13.47678111587983,145.50702,10.647027,True,False,0.8394747376441956,0.3383575677871704,357.46544218063354,True
405,13.510139484978541,142.04161,10.577934,True,False,0.8361559510231018,0.3378979563713074,353.2228436470032,True
406,13.543497854077254,137.83423,10.613426,True,False,0.8339298963546753,0.3319982886314392,346.80569314956665,True
407,13.576856223175966,132.81062,10.64381,True,False,0.8307242393493652,0.32448452711105347,338.60867738723755,True
408,13.610214592274678,128.84564,10.748398,True,False,0.821322500705719,0.3115231990814209,333.93846702575684,True
409,13.64357296137339,123.71993,10.676838,True,False,0.8179874420166016,0.30248016119003296,325.44531869888306,True
410,13.676931330472103,117.38884,10.532874,True,False,0.814224898815155,0.2930871248245239,316.81174421310425,True
411,13.710289699570815,110.9455,10.131275,True,False,0.8076230883598328,0.2839958369731903,311.70527935028076,True
412,13.743648068669529,105.36576,10.058484,True,False,0.8035498857498169,0.275552898645401,312.5232219696045,True
413,13.777006437768241,97.164116,10.023069,True,False,0.7981808185577393,0.2675001621246338,313.7720260620117,True
414,13.810364806866954,86.99104,10.01512,True,False,0.7858358025550842,0.2535008192062378,315.2699189186096,True
415,13.843723175965666,77.24205,10.115751,True,False,0.7724148631095886,0.2385481745004654,316.0623483657837,True
416,13.877081545064378,68.289116,10.169451,True,False,0.7637842297554016,0.2253367155790329,315.375,True
417,13.91043991416309,60.555435,10.246839,True,False,0.7590435743331909,0.21497608721256256,315.37208223342896,True
418,13.943798283261803,52.139572,10.246916,True,False,0.7528234124183655,0.20426622033119202,315.39297676086426,True
419,13.977156652360515,45.3207,10.049994,True,False,0.7472525238990784,0.19618885219097137,315.2226815223694,True
420,14.010515021459227,39.850285,9.821488,True,False,0.7454365491867065,0.1890707015991211,317.31224489212036,True
421,14.043873390557941,34.763306,9.70083,True,False,0.7432963848114014,0.1825108528137207,319.5615940093994,True
422,14.077231759656653,30.814247,9.586588,True,False,0.7436896562576294,0.1764444261789322,319.96889209747314,True
423,14.110590128755366,27.754726,9.4198065,True,False,0.7417783141136169,0.17028670012950897,319.4372501373291,True
424,14.143948497854078,24.649033,9.182047,True,False,0.7344689965248108,0.16308219730854034,317.7801661491394,True
425,14.17730686695279,22.259998,8.951002,True,False,0.7279207706451416,0.15626855194568634,314.925498008728,True
426,14.210665236051502,19.680027,8.894504,True,False,0.718191385269165,0.14927628636360168,313.70999240875244,True
427,14.244023605150215,17.16015,8.965411,True,False,0.706695556640625,0.14112864434719086,313.54428815841675,True
428,14.277381974248927,14.734346,9.006974,True,False,0.6975714564323425,0.13316679000854492,313.39480447769165,True
429,14.31074034334764,12.129803,8.955852,True,False,0.6869745850563049,0.1256771832704544,312.03278827667236,True
430,14.344098712446351,10.526203,8.970253,True,False,0.6847459673881531,0.12058791518211365,307.35311937332153,True
431,14.377457081545066,9.161135,8.970012,True,False,0.6856605410575867,0.11686691641807556,305.73085498809814,True
432,14.410815450643778,7.6162043,8.9290695,True,False,0.7016068696975708,0.11689508706331253,306.8252248764038,True
433,14.44417381974249,6.8360677,8.780669,True,False,0.706445038318634,0.11468207836151123,306.85303354263306,True
434,14.477532188841202,6.2185483,8.571459,True,False,0.7039848566055298,0.11119287461042404,306.3991618156433,True
435,14.510890557939915,5.5584817,8.476974,True,False,0.699013352394104,0.10720033943653107,305.41772747039795,True
436,14.544248927038627,5.0812984,8.413818,True,False,0.6975194215774536,0.10572130233049393,305.99066066741943,True
437,14.577607296137339,4.355186,8.572376,True,False,0.6983376741409302,0.10450031608343124,305.31198263168335,True
438,14.610965665236051,3.481609,8.464455,True,False,0.6929419636726379,0.1024319976568222,305.3652353286743,True
439,14.644324034334764,2.6135178,8.483273,True,False,0.6798243522644043,0.09872310608625412,305.50029611587524,True
440,14.677682403433478,1.626904,8.435707,True,False,0.6751474738121033,0.09728757292032242,304.93684911727905,True
441,14.71104077253219,0.01978234,8.630421,True,False,0.6745043992996216,0.09629093110561371,303.4941449165344,True
442,14.744399141630902,1.4855623,8.423103,True,False,0.6777979135513306,0.09646930545568466,302.2112817764282,True
443,14.777757510729614,2.2515976,8.584099,True,False,0.6780011057853699,0.0957629606127739,301.84137535095215,True
444,14.811115879828327,3.0391839,9.032396,True,False,0.6797908544540405,0.09466028958559036,302.2089033126831,True
445,14.844474248927039,3.7472153,9.177851,True,False,0.6749698519706726,0.0923653393983841,302.43997383117676,True
446,14.877832618025751,4.417831,9.1049795,True,False,0.6626566648483276,0.0888589397072792,302.6788020133972,True
447,14.911190987124463,4.971929,9.119988,True,False,0.6466422080993652,0.08479385077953339,302.7193880081177,True
448,14.944549356223176,5.3332562,9.13239,True,False,0.6358132362365723,0.08181323856115341,302.74317264556885,True
449,14.97790772532189,5.5219765,9.158648,True,False,0.628025233745575,0.07931561022996902,302.7553000450134,True
450,15.011266094420602,5.7322726,9.158883,True,False,0.6224746108055115,0.07772482186555862,302.64475679397583,True
451,15.044624463519314,5.80066,9.206946,True,False,0.6076785922050476,0.07485254108905792,302.4595685005188,True
452,15.077982832618027,5.8417053,9.168918,True,False,0.5981844067573547,0.07266608625650406,302.4924383163452,True
453,15.111341201716739,5.872394,9.150211,True,False,0.5923246145248413,0.07117735594511032,302.52037143707275,True
454,15.144699570815451,5.648647,9.150962,True,False,0.5884462594985962,0.07002803683280945,302.55134677886963,True
455,15.178057939914163,5.5441847,9.157681,True,False,0.5862882733345032,0.0691186934709549,302.77434158325195,True
456,15.211416309012876,5.4149346,9.142068,True,False,0.582177996635437,0.06785373389720917,302.783634185791,True
457,15.244774678111588,5.3714056,9.0987835,True,False,0.5768229365348816,0.06651511788368225,303.16316509246826,True
458,15.2781330472103,5.183457,9.094485,True,False,0.573635995388031,0.06549298763275146,303.45199632644653,True
459,15.311491416309014,4.6948586,9.067416,True,False,0.5765902996063232,0.0655454471707344,303.6882801055908,True
460,15.344849785407726,3.7756908,9.062214,True,False,0.5779136419296265,0.06521877646446228,303.5827703475952,True
461,15.378208154506439,3.1460984,9.122767,True,False,0.5772880911827087,0.0646107941865921,303.29189252853394,True
462,15.411566523605151,2.7042878,9.066138,True,False,0.58191978931427,0.06521445512771606,302.4217619895935,True
463,15.444924892703863,2.2775261,8.995559,True,False,0.5856599807739258,0.06595747172832489,301.9259629249573,True
464,15.478283261802575,1.9184667,8.916696,True,False,0.590581476688385,0.06726192682981491,301.6906056404114,True
465,15.511641630901288,1.8338703,8.742668,True,False,0.5898587107658386,0.06778708100318909,301.63992500305176,True
